"duration";"amount";"credits_mean";"withdrawals_mean";"average_balance_monthly";"payment_monthly";"gender";"client_age";"district_id";"last_balance";"district_average_salary";"district_unemployment_rate";"enterpreneur_ratio";"status";"account_id";"cluster"
-1.425396624865324;-0.4647398416924454;-1.1585114112820627;-2.019955451402541;-2.039285131775431;1.7697072983223983;1.0107261246283898;0.7375463085682032;-0.3254115929633223;-0.979003288266461;0.0961335294959683;0.06698765738290295;-0.9210655389615506;-1.0;1787.0;"cluster_3"
0.008744764569726029;0.19621761791246192;0.6733441653471333;-0.07570792104480031;0.7652694747772433;0.209273650994957;-0.986371278251802;-0.9379876536408286;0.3163621912800133;0.47375221384394145;-0.8746702492254558;-0.5511723385907301;-0.19081366277080097;1.0;1801.0;"cluster_1"
1.4428861540047762;-0.17319797103352735;-1.078759664268927;-0.30899168643502034;-1.3058606994245368;-0.9267475728262478;-0.986371278251802;1.6949942869733643;0.2762513297648048;-0.9711850151158804;-0.8587554331808424;-0.28754528148432773;0.45352622798574277;1.0;9188.0;"cluster_3"
0.008744764569726029;-0.37535039054008257;-0.32927787126237223;0.011611109382119294;-0.7863681885166341;-0.5524805484453452;1.0107261246283898;1.3758449608383105;-0.9671853772066579;-0.336859738820597;0.39548364081131765;-0.8238899838732153;0.5823942061370516;1.0;1843.0;"cluster_3"
1.4428861540047762;1.2297831468616571;1.6327732505215726;2.3826006800368673;0.1939265605098263;0.1951417657869083;-0.986371278251802;-1.7358609689784628;0.9982468370385573;-0.026924931319976125;-0.9360559682546794;0.4533376548664235;-0.49150561179052166;1.0;11013.0;"cluster_2"
-0.7083259301477991;-0.5460340746919795;-0.7191494480114942;2.174679475113043;0.8952542414043959;-0.22380025054201913;1.0107261246283898;-1.8156483005122264;-1.0072962387218662;0.09545728537565747;-0.7011229695008608;-0.11936940022679533;0.06692229353181615;1.0;8261.0;"cluster_1"
-1.425396624865324;-0.8790781905287803;-1.3472679951779025;-1.2965542762873006;-1.4521636673250253;0.11308565812727073;-0.986371278251802;-1.2571369797758822;-0.9270745156914494;-0.9369710211548327;-0.3623647422655162;0.03517059876661309;0.10987828624891911;1.0;11265.0;"cluster_3"
-0.7083259301477991;0.2796781768965558;0.19537092314952384;0.6219561726284624;0.22786024492024978;1.4268951152110236;1.0107261246283898;0.7375463085682032;-0.5660767620545731;0.742143396304845;-0.40328855495166516;-0.6875311612319729;0.28170225711733093;-1.0;5428.0;"cluster_1"
0.7258154592872511;0.0865331127994861;-0.1260404025403847;-0.16434526530576765;0.48447304243024886;-0.42574944883768273;1.0107261246283898;-0.9379876536408286;-0.8067419311458239;0.5277652606446538;-0.42071906776243234;-0.07846175343442241;0.4105702352686398;1.0;10973.0;"cluster_2"
-0.7083259301477991;-0.2687443486683233;0.1456856925866545;1.4684399211588886;-0.386766017038181;0.3305343434253103;-0.986371278251802;1.7747816185071277;-0.9671853772066579;0.5183000827331871;0.39548364081131765;-0.8238899838732153;0.5823942061370516;1.0;4894.0;"cluster_0"
0.008744764569726029;-1.1723303185439298;-0.6650754972923006;-0.8335008223177476;-0.7332046089414775;-1.6146512753728761;-0.986371278251802;-0.21990166983695786;0.6773599449168896;0.3323355786619118;-0.5912349539547199;-0.49662880953423305;-0.4485496190734187;1.0;10364.0;"cluster_3"
-0.7083259301477991;-0.624249844450297;2.601322171848443;1.0342010409906648;2.6067005304615365;-0.3801627223601063;-0.986371278251802;-1.017774985174592;0.23614046824959634;2.8055159852955756;-0.9618228132792918;0.10789530417527568;-1.0499335171128594;1.0;5270.0;"cluster_1"
1.4428861540047762;3.032964486114997;0.751845505453661;0.4540552090953736;0.6966300945789005;1.6370499242726508;1.0107261246283898;1.2960576293045472;1.5597988982514759;2.7173613359518765;-0.4654321223639656;0.9260482400227312;-0.3626376336392128;-1.0;6034.0;"cluster_2"
0.008744764569726029;-0.47420326573025934;-0.09630493179156512;0.09121714783191516;0.2039309197134883;-0.6842261879655411;-0.986371278251802;-1.0975623167083555;-1.3281831308435341;-0.636637125474543;-0.1638084658993857;0.4124300080740508;-0.14785767005369863;1.0;6701.0;"cluster_3"
0.008744764569726029;-0.48856942752260335;-0.7371488757215915;-0.19149054561593282;0.02318716188990704;-0.7033726130861232;1.0107261246283898;0.5779716455006764;0.9982468370385573;-0.3176941108889651;-0.9360559682546794;0.4533376548664235;-0.49150561179052166;1.0;2705.0;"cluster_3"
-1.425396624865324;-0.9339204430852682;0.13856915585040785;0.4230726938753908;1.2722750800911062;-0.10618649622987192;1.0107261246283898;-0.060327006769431;0.3163621912800133;0.7707515798297991;-0.8746702492254558;-0.5511723385907301;-0.19081366277080097;1.0;7123.0;"cluster_1"
1.4428861540047762;1.087261700509038;0.7945560760094752;0.3286698667103253;0.06214648899304684;0.08117494959296723;-0.986371278251802;-1.7358609689784628;1.1988011446145996;1.152901351309828;0.2802906865836389;0.544243536627252;-1.0928895098299625;1.0;10320.0;"cluster_2"
-1.425396624865324;-1.0181791221689367;-0.24868243063297737;0.6251856134979074;-0.5650665859141587;-0.4430724048991618;1.0107261246283898;-0.6188383275057749;-1.488626576904368;0.27091598490084023;2.2870732049710947;-1.4056876271425172;1.956985973084345;1.0;9034.0;"cluster_0"
-1.425396624865324;-0.5576638247143532;-0.9497426418113287;-0.5004703504708754;-1.2782211783623996;1.3981754775301505;-0.986371278251802;-0.29968900137072124;-1.0875179617522832;-0.20291751755335838;0.07491377476981696;-1.3329629217338546;1.3985580677620066;1.0;9236.0;"cluster_0"
-0.7083259301477991;-0.6621035406015526;0.17328544563871096;1.5944694396219374;0.6639482795982584;-0.45583668831288315;-0.986371278251802;-0.060327006769431;0.6372490834016811;0.009809188882317873;0.2833220801159463;-0.7102576316721799;0.7971741697225664;-1.0;10266.0;"cluster_1"
-0.7083259301477991;-0.6114799228571023;-0.20189905210450526;-0.07328102512303056;-0.7754593650030632;-0.3546341555326635;-0.986371278251802;0.9769083031694935;-1.488626576904368;-0.6281220849251259;2.2870732049710947;-1.4056876271425172;1.956985973084345;1.0;2.0;"cluster_0"
-0.7083259301477991;-0.6114799228571023;-0.20182527620532578;-0.08012726855666487;-0.7694028600592212;-0.3546341555326635;-0.986371278251802;0.9769083031694935;-1.488626576904368;-0.5870173328574032;2.2870732049710947;-1.4056876271425172;1.956985973084345;1.0;7401.0;"cluster_0"
-1.425396624865324;-1.1477026126141971;1.3286898026902552;0.7620248773761759;0.35839223137674503;-0.9609376176844301;-0.986371278251802;-0.060327006769431;-1.488626576904368;1.6710112548355438;2.2870732049710947;-1.4056876271425172;1.956985973084345;1.0;2486.0;"cluster_0"
1.4428861540047762;1.0251223498992958;-0.23828570391782314;1.0780392562124737;1.062285714790638;0.031485417732408906;1.0107261246283898;0.5779716455006764;0.5570273603712641;1.7832089039027301;-0.8792173395239168;-0.014827636201842477;-0.5774175972247276;1.0;1071.0;"cluster_2"
-0.7083259301477991;-1.1804255366967586;-1.4918876744671226;-1.1318057093086802;-1.4919986975298922;-1.4920229811481955;1.0107261246283898;-0.5390509959720116;-0.8468527926610324;-0.49185428935268;-1.0679215869100485;-0.41026822186144607;-0.10490167733659567;1.0;8475.0;"cluster_3"
0.008744764569726029;-0.353117044909074;-0.13770077799020478;0.5392020178639192;0.8593140842863836;-0.5228491762349206;1.0107261246283898;-0.4592636644382481;0.8378033909777234;-0.896599232194977;-0.8178316204946933;-0.023918224377925325;-0.6633295826589335;1.0;11111.0;"cluster_3"
-1.425396624865324;-0.6306348052468943;-1.3845077990560921;-1.4879366349294345;-0.9722132764228811;1.1064204280736611;1.0107261246283898;0.09924765629809584;-0.2853007314481138;-0.7753571803338031;-0.44951730631935205;0.3078882440490983;-0.5774175972247276;1.0;1603.0;"cluster_3"
0.7258154592872511;0.03545342642670733;-0.3765095802550897;-0.3244754536255002;-0.7364198092665762;-0.47680658249256835;1.0107261246283898;-0.8582003221070652;-1.0875179617522832;-1.0265961211778947;0.07491377476981696;-1.3329629217338546;1.3985580677620066;1.0;1166.0;"cluster_0"
-1.425396624865324;-0.9120291489255059;0.21588251481117218;0.21651260518282422;0.461276371158208;-0.018659981392925167;1.0107261246283898;0.9769083031694935;-0.5660767620545731;-1.1792741463320282;-0.40328855495166516;-0.6875311612319729;0.28170225711733093;-1.0;8073.0;"cluster_3"
0.008744764569726029;0.49824906702293276;0.28076747229475946;2.139902527380452;-0.35325618201148035;0.6118044457919569;1.0107261246283898;-1.017774985174592;-1.0072962387218662;0.07042342811746145;-0.7011229695008608;-0.11936940022679533;0.06692229353181615;1.0;10940.0;"cluster_2"
1.4428861540047762;1.4760602061589834;0.5525181593881917;-0.3824149186079268;-0.7378805758926216;0.3920764241700385;-0.986371278251802;0.6577589770344398;0.07569702218876245;-0.3537721838650819;-0.15622998206861735;1.612387647316986;-1.0499335171128594;1.0;5313.0;"cluster_2"
0.008744764569726029;0.3545874490994925;-0.7852394118483481;0.19150102437354466;-0.7748152653145842;0.4203401945861359;-0.986371278251802;-0.14011433830319442;1.479577175221059;0.17749033542957923;-0.5336384768408806;0.9715011809031456;-0.9640215316786536;1.0;11135.0;"cluster_3"
-1.425396624865324;-0.5100046530540373;-0.3963061132016127;-0.7408079509211951;0.1600980815714335;1.5887279942064199;1.0107261246283898;-0.3794763329044847;0.5570273603712641;-0.3925468371639683;-0.8792173395239168;-0.014827636201842477;-0.5774175972247276;1.0;2694.0;"cluster_3"
-0.7083259301477991;-0.8894537518232509;0.7506404991003942;0.5302798581656316;1.364018036071851;-0.9103363512943202;1.0107261246283898;-0.7784129905733018;1.4394663137058505;-0.15997583325233963;0.8714124253835693;0.8715047109662345;-0.9210655389615506;1.0;7753.0;"cluster_1"
-0.7083259301477991;-0.8545645017561297;-0.5408785002477688;-0.21042846626120645;0.09627923123904003;-0.8405886597836283;1.0107261246283898;1.455632292372074;1.0383576985537657;-1.3267354649221454;0.07642947153597063;-0.5511723385907301;1.01195413330808;1.0;7445.0;"cluster_3"
-0.7083259301477991;-0.5141092707089927;0.037726960120522415;0.5641065926801749;-0.7657933284324802;-0.1599788334734121;1.0107261246283898;0.17903498783185925;0.03558616067355398;-0.40822862810141775;0.699380842425128;2.671441169830637;-1.3506254661325803;1.0;7485.0;"cluster_3"
-0.7083259301477991;-1.3078967183145414;-0.5719154535257052;-0.25633403726822646;-0.23099834102437833;-1.7468527821578477;1.0107261246283898;-0.3794763329044847;0.3965839143104302;-0.24363769021263235;-0.35099701651936366;-0.4920835154461917;0.10987828624891911;1.0;8330.0;"cluster_3"
0.008744764569726029;0.6374640158201713;0.3230864630780051;0.24386761723931508;0.5642240883472304;0.797342422555693;1.0107261246283898;-0.6986256590395383;-0.004524700841654489;1.0172398338636421;-0.42299261291166285;2.1396417615297905;-0.7492415680931395;1.0;6555.0;"cluster_1"
1.4428861540047762;0.207049247835261;0.9857396978193516;0.4895341161421979;2.1687634528470356;-0.6226841072208129;1.0107261246283898;-0.9379876536408286;0.9581359755233488;-0.10984477624514456;-0.7420467821870099;-0.755710572552594;-0.5344616045076246;1.0;10079.0;"cluster_1"
1.4428861540047762;0.03830385535375972;-0.7204244468844953;-0.832989333671096;-1.110309460631033;-0.7576208175944391;-0.986371278251802;-0.3794763329044847;0.23614046824959634;-0.8220813162285056;-0.9618228132792918;0.10789530417527568;-1.0499335171128594;1.0;5385.0;"cluster_3"
-1.425396624865324;-0.7612984672629757;1.1917447086054347;0.40921113753914545;0.023002484658428107;0.5839965426406353;-0.986371278251802;0.019460324764332418;-1.408404853873951;1.1880066646057508;-0.4116248871655104;-0.5966252794711444;-0.4485496190734187;1.0;5891.0;"cluster_1"
0.008744764569726029;0.6658542879336131;-1.4354604617330724;-0.7144823365175889;-0.8854195188710023;0.8351794055320815;-0.986371278251802;-0.14011433830319442;0.03558616067355398;-0.5010932440827064;0.699380842425128;2.671441169830637;-1.3506254661325803;-1.0;10131.0;"cluster_3"
1.4428861540047762;-0.5346323589837699;-1.3933173980940239;-1.2716818032689516;-0.5061621178112536;-1.2157674186940823;1.0107261246283898;-0.9379876536408286;1.5597988982514759;-0.5624902155256339;-0.4654321223639656;0.9260482400227312;-0.3626376336392128;1.0;8321.0;"cluster_3"
0.008744764569726029;0.4623336625420727;0.13387587364875256;3.3474651586490327;0.13342281785726604;0.5639383829905017;-0.986371278251802;-1.1773496482421189;1.3592445906754336;1.7664412416943667;-0.4010150098024347;0.576060595243542;-0.49150561179052166;1.0;5256.0;"cluster_1"
-1.425396624865324;-1.1496409042845928;-1.00549641300415;-1.0589324879399136;-0.8506328375758362;-0.968687361185618;1.0107261246283898;0.17903498783185925;-0.8869636541762409;-0.6006721640891465;-0.8307150430069995;-0.9011599833699195;-0.6203735899418306;1.0;813.0;"cluster_3"
1.4428861540047762;1.2086899728014695;-0.053102521907886946;-0.22922727911554977;-0.10053598696663743;0.17827467699020502;-0.986371278251802;1.455632292372074;-1.1276288232674918;-0.5306334671151952;0.4553536630743875;-1.3556893921740616;0.8401301624396682;1.0;2933.0;"cluster_0"
-1.425396624865324;-0.6172947978682891;1.8170389630160706;1.3255590989145214;1.9025686317692987;1.1597568980524255;1.0107261246283898;-1.4167116428434092;-1.488626576904368;2.1538529643746993;2.2870732049710947;-1.4056876271425172;1.956985973084345;1.0;8173.0;"cluster_0"
-1.425396624865324;-0.45299607451298957;2.750667292064602;1.579676931146389;-0.1837489740999563;1.816661626594302;1.0107261246283898;-0.8582003221070652;-0.6864093466001985;-0.018455135406847272;-0.31765168766398294;-0.6602593967037244;0.06692229353181615;1.0;9833.0;"cluster_1"
0.7258154592872511;0.4824006821885215;0.4719775777607511;-0.1990794106411491;1.512505342046312;-0.03005666301231928;-0.986371278251802;-0.060327006769431;-0.6061876235697816;2.041410994271557;-0.6814189115408632;-0.39208704550928036;-0.8351535535273453;1.0;7769.0;"cluster_1"
-1.425396624865324;-0.6499037047937685;0.44524800198106934;0.5172786300132938;0.3851568062110536;1.029378860326557;1.0107261246283898;0.9769083031694935;-1.3682939923587425;-1.2147911858181726;0.1741919129528822;0.6942382415326189;-0.5344616045076246;-1.0;6473.0;"cluster_1"
0.7258154592872511;-0.7790851437677826;-1.6189297728543748;-1.6681775295779768;-1.2938922524516583;-1.2909855173820834;1.0107261246283898;0.17903498783185925;-0.2853007314481138;-0.5965277554051581;-0.44951730631935205;0.3078882440490983;-0.5774175972247276;1.0;7454.0;"cluster_3"
-0.7083259301477991;-1.1341345709214279;0.417266127605057;0.21760192619180205;1.6432643906726587;-1.3994819263987153;1.0107261246283898;-0.14011433830319442;0.11580788370397092;1.251507511636074;0.23406193521595206;0.4351564785142582;-0.3196816409221099;1.0;6930.0;"cluster_1"
-1.425396624865324;-0.3848138145778965;-0.33280208921548937;-0.41267193319521117;-0.7815771767327653;2.089270250930209;-0.986371278251802;1.455632292372074;1.1185794215841827;-0.6208738941917752;-0.7662979304454686;0.27152589134476696;-0.8351535535273453;1.0;173.0;"cluster_3"
0.7258154592872511;0.5986981824122589;0.28299966616737254;-0.099461111376125;-0.07103909735511407;0.08618948950550064;1.0107261246283898;-0.7784129905733018;-0.2853007314481138;0.11062781192305123;-0.44951730631935205;0.3078882440490983;-0.5774175972247276;1.0;8051.0;"cluster_2"
-0.7083259301477991;0.05939702941394738;1.2427087214207504;2.5142544334932233;0.02745366006141901;0.9865273374376352;-0.986371278251802;0.41839698243314954;1.1185794215841827;-0.9236600491588788;-0.7662979304454686;0.27152589134476696;-0.8351535535273453;1.0;10439.0;"cluster_1"
-0.7083259301477991;-0.8853491341682955;-1.063488053138752;-0.5736774305378746;4.355324707757402E-4;-0.9021307405283565;1.0107261246283898;-0.14011433830319442;-1.0875179617522832;0.7739910957880262;0.07491377476981696;-1.3329629217338546;1.3985580677620066;1.0;9337.0;"cluster_0"
0.008744764569726029;1.4717275541898638;-0.31683811964685993;-0.7216174961323863;-0.11238711848509264;1.9092026813437821;-0.986371278251802;-0.4592636644382481;0.7575816679473065;-0.35248271173087153;-0.6086654667654872;0.44424706669034086;-0.23376965548790393;1.0;4576.0;"cluster_2"
-1.425396624865324;-0.6429486582117606;1.330984422323712;0.46806229358213114;1.0582992599619434;1.0571867634778787;-0.986371278251802;-0.7784129905733018;-0.4457441775089477;-0.493718368367749;-0.7291633596747037;-1.014792335570955;-0.49150561179052166;1.0;8027.0;"cluster_1"
0.7258154592872511;-0.5519629668602485;-1.4808496649360223;-0.8187853581571756;-1.1640634018478038;-1.0639636195237527;-0.986371278251802;-0.4592636644382481;-0.9270745156914494;-0.9063449268514298;-0.3623647422655162;0.03517059876661309;0.10987828624891911;-1.0;5927.0;"cluster_3"
-0.7083259301477991;-0.5505947609752633;-0.9247590956455637;-0.2347017057186247;-0.5406574026551105;-0.2329175958375344;-0.986371278251802;-0.3794763329044847;-0.004524700841654489;-0.5737063608614494;-0.42299261291166285;2.1396417615297905;-0.7492415680931395;1.0;6273.0;"cluster_3"
0.7258154592872511;-0.7216204965984064;-0.823740972771481;-1.0318107489482138;-0.7526070713552976;-1.2335462420203371;-0.986371278251802;1.2960576293045472;0.3163621912800133;-0.13903661557821506;-0.8746702492254558;-0.5511723385907301;-0.19081366277080097;1.0;11065.0;"cluster_3"
1.4428861540047762;1.3591926201498354;-0.7336624915629252;0.24857160069262174;-1.3215771859477659;0.2986236348910068;-0.986371278251802;1.7747816185071277;-1.488626576904368;0.0774725424511448;2.2870732049710947;-1.4056876271425172;1.956985973084345;1.0;8558.0;"cluster_0"
-0.7083259301477991;0.2796781768965558;-0.06581278515372445;-0.8205338360831772;-0.9319036862830241;1.4268951152110236;1.0107261246283898;-1.6560736374446994;-1.3281831308435341;-1.574838952471473;-0.1638084658993857;0.4124300080740508;-0.14785767005369863;-1.0;5442.0;"cluster_3"
1.4428861540047762;0.8945727050402965;0.5128059170426247;0.1730981336933878;-0.3698619953666283;-0.07290818590124112;1.0107261246283898;1.2162702977707838;1.1988011446145996;-0.2487277117950416;0.2802906865836389;0.544243536627252;-1.0928895098299625;1.0;1811.0;"cluster_2"
-0.7083259301477991;-0.5104607216823657;1.5131598176747885;1.6917892501568204;-0.08870529104346918;-0.15268495723699987;1.0107261246283898;0.49818431396691293;-0.20507900841769686;0.36670340438633897;-0.6200331925116397;1.8578335280712228;-0.23376965548790393;1.0;7844.0;"cluster_1"
1.4428861540047762;0.9430299968001872;0.46388492912766716;0.7846951670581043;-0.6521827717472267;-0.03415946839530116;1.0107261246283898;-0.7784129905733018;0.797692529462515;-0.9235288397136435;-0.5806250765916443;0.19425589184806283;-1.0928895098299625;1.0;4260.0;"cluster_2"
-1.425396624865324;-1.3333225443438486;-1.1465578239252467;-1.1657736917340142;-0.6883212298269097;-1.7030895247393745;1.0107261246283898;0.41839698243314954;0.9982468370385573;-0.8704025877841773;-0.9360559682546794;0.4533376548664235;-0.49150561179052166;1.0;3354.0;"cluster_3"
-0.7083259301477991;-0.3223324124969082;1.4341571797917838;0.5604919302358461;2.122160456232792;0.22340553620300568;-0.986371278251802;-0.6986256590395383;-1.0875179617522832;0.4787291238356305;0.07491377476981696;-1.3329629217338546;1.3985580677620066;1.0;2762.0;"cluster_1"
0.008744764569726029;1.2480258919947924;-1.4329161390562377;-1.259996748830801;-1.529592624118324;1.6110654901804324;-0.986371278251802;0.7375463085682032;0.717470806432098;-0.9933367890425254;-0.5692573508454918;0.6624211829163292;0.19579027168312502;-1.0;6051.0;"cluster_3"
-1.425396624865324;-1.0046110804761674;-0.6542890824943002;-0.1883659706196507;0.6075869077976919;-0.3888242003908458;1.0107261246283898;-1.7358609689784628;-0.2451898699329053;-0.8070239012718319;-0.19033315930707487;-0.13755057657896083;-0.14785767005369863;1.0;9265.0;"cluster_3"
-0.7083259301477991;0.27078483864415237;2.95975764878817;1.2549544045978498;0.735361602638289;1.4091162918847688;1.0107261246283898;0.09924765629809584;1.5597988982514759;2.3841164918356355;-0.4654321223639656;0.9260482400227312;-0.3626376336392128;1.0;5228.0;"cluster_1"
1.4428861540047762;-0.9011975190027068;-0.5198126434974123;-0.6859138765002131;-0.6586048467845297;-1.5088900699448988;1.0107261246283898;0.8173336401019666;-1.0875179617522832;-0.009365487976571493;0.07491377476981696;-1.3329629217338546;1.3985580677620066;1.0;2824.0;"cluster_0"
1.4428861540047762;1.0142907199764968;0.47874226020860267;-0.03529817783945994;0.24819971722165782;0.022823939701669387;1.0107261246283898;-0.6188383275057749;0.8779142524929319;1.2830701699106404;-0.8201051656439238;0.4351564785142582;-0.2767256482050069;-1.0;426.0;"cluster_2"
-0.7083259301477991;-0.013345916804429517;0.2595540637460439;-0.49609594547608066;0.7901350529976936;0.8411056799741664;-0.986371278251802;0.5779716455006764;0.4768056373408472;-0.15391305198973662;-1.0125986549454395;0.8760500050542759;-1.1788014952641683;1.0;4937.0;"cluster_1"
0.7258154592872511;0.5968739078989453;-0.22372347643360588;-0.15417755584868825;0.021602267944343174;0.08436602044639757;-0.986371278251802;0.49818431396691293;0.6372490834016811;1.7978681660600686;0.2833220801159463;-0.7102576316721799;0.7971741697225664;-1.0;790.0;"cluster_2"
0.008744764569726029;-0.13317794889771184;0.13162287118919128;-0.36641752265093497;-0.619252702127547;-0.22972652498410406;-0.986371278251802;0.3386096508993861;-1.488626576904368;-0.469489865635481;2.2870732049710947;-1.4056876271425172;1.956985973084345;1.0;10911.0;"cluster_0"
0.008744764569726029;-0.6705408102256277;0.0012608573388572565;-0.4283012285362026;-0.433705822537705;-0.9458939979468298;-0.986371278251802;-0.6188383275057749;0.2762513297648048;-0.3843213622867952;-0.8587554331808424;-0.28754528148432773;0.45352622798574277;1.0;8129.0;"cluster_3"
0.008744764569726029;1.4611239585812288;0.9548181376144907;-0.1421522223527233;0.6122969340743134;1.8950707961357336;1.0107261246283898;-0.6986256590395383;1.1586902830993913;-1.0084801688081466;-1.0709529804423559;1.376032354738832;-0.5344616045076246;-1.0;2176.0;"cluster_2"
1.4428861540047762;0.4179809884371376;-0.9195701907365994;-0.7235008016095974;-0.9597301551983392;-0.45401321925378013;-0.986371278251802;0.3386096508993861;0.797692529462515;-0.7775741675119191;-0.5806250765916443;0.19425589184806283;-1.0928895098299625;1.0;9093.0;"cluster_3"
-1.425396624865324;-1.2416527500498438;-0.5843022378289858;-1.0603364065683802;-0.6427422835986963;-1.33657224385966;1.0107261246283898;0.7375463085682032;0.6773599449168896;-0.30859541453143186;-0.5912349539547199;-0.49662880953423305;-0.4485496190734187;1.0;5215.0;"cluster_3"
0.008744764569726029;-0.23203082408788858;-0.1543192722028379;-0.07541258450405602;-0.17589186614919125;-0.3614721645043;1.0107261246283898;1.1364829662370204;-1.488626576904368;0.46495213208590946;2.2870732049710947;-1.4056876271425172;1.956985973084345;1.0;9403.0;"cluster_0"
0.7258154592872511;0.2543663680243306;-0.31371304822520135;0.600390184794535;1.2743156121241728;-0.25799029540020146;1.0107261246283898;0.09924765629809584;-1.1276288232674918;0.7452426538905786;0.4553536630743875;-1.3556893921740616;0.8401301624396682;1.0;9104.0;"cluster_0"
0.7258154592872511;1.6928068217720469;-0.1473956878182918;0.5088101757254253;-0.10540268614045718;1.1798150577025592;1.0107261246283898;1.3758449608383105;-1.488626576904368;1.3866758625467195;2.2870732049710947;-1.4056876271425172;1.956985973084345;1.0;5120.0;"cluster_0"
-1.425396624865324;-0.6709968788539561;0.45923515578963053;0.5182117222724575;0.7152915774451047;0.9450434163430407;1.0107261246283898;1.0566956347032568;-0.6061876235697816;-0.5793438425429446;-0.6814189115408632;-0.39208704550928036;-0.8351535535273453;1.0;8519.0;"cluster_1"
-1.425396624865324;-0.9457782274218062;-1.0164549715669027;0.07736201185525098;-0.658784982772612;-0.1535966917665514;1.0107261246283898;-1.4964989743771726;1.3592445906754336;0.5741319639126805;-0.4010150098024347;0.576060595243542;-0.49150561179052166;1.0;10788.0;"cluster_3"
0.008744764569726029;0.7534194645726624;1.746738097856812;0.9907673084224846;0.39380409051290244;0.9518814253146771;-0.986371278251802;-1.4167116428434092;-0.2853007314481138;-0.06563171766443045;-0.44951730631935205;0.3078882440490983;-0.5774175972247276;1.0;8260.0;"cluster_2"
-0.7083259301477991;-0.6240218101361328;3.0652855599608206;2.8385446558299483;2.514672233020678;-0.37970685509533053;1.0107261246283898;-0.060327006769431;1.1185794215841827;2.6026752318888455;-0.7662979304454686;0.27152589134476696;-0.8351535535273453;1.0;4259.0;"cluster_1"
-0.7083259301477991;-0.22245338289299257;0.6291505100488367;0.4450838266402954;0.015075744308908129;0.42307539817479045;-0.986371278251802;-0.5390509959720116;0.6773599449168896;0.00810799055788572;-0.5912349539547199;-0.49662880953423305;-0.4485496190734187;1.0;10105.0;"cluster_1"
-1.425396624865324;-0.5930091434098028;1.7340524265773685;0.4787543324050248;1.097341086320129;1.2568566254496634;-0.986371278251802;-1.0975623167083555;0.4366947758256387;1.0208367824485447;-0.9966838389008261;-0.5738988090309374;1.4415140604791097;1.0;3050.0;"cluster_1"
-1.425396624865324;-1.1561398822382722;-0.22735741239063112;0.1495247134303424;0.7981866775406316;-0.9946717952778367;-0.986371278251802;0.3386096508993861;-0.004524700841654489;1.0115933032548898;-0.42299261291166285;2.1396417615297905;-0.7492415680931395;1.0;3674.0;"cluster_1"
0.7258154592872511;0.6069074177221697;1.6098175957383853;0.919148197291952;-0.1682254904211013;0.09439510027146439;-0.986371278251802;0.41839698243314954;-1.488626576904368;0.11386732788127785;2.2870732049710947;-1.4056876271425172;1.956985973084345;1.0;5481.0;"cluster_0"
-1.425396624865324;-0.9824917520022408;-0.8957576005090951;-0.8083800953955844;-0.4723442351074541;-0.3003859510243475;-0.986371278251802;-1.2571369797758822;1.2790228676450166;-0.11461808537353724;0.49551962737745975;1.9214676453038022;-1.7372294005865063;1.0;9307.0;"cluster_3"
-1.425396624865324;-0.5462621090061437;-1.1824412862723652;-1.0495116803141373;-1.3586231358329557;1.443762204007727;-0.986371278251802;-0.21990166983695786;-1.488626576904368;-1.1796361034223328;2.2870732049710947;-1.4056876271425172;1.956985973084345;1.0;4427.0;"cluster_0"
-1.425396624865324;-1.1616127057782129;-0.825986408472152;-1.3152139813507135;-1.2058557079567918;-1.0165534239870733;1.0107261246283898;1.3758449608383105;0.6372490834016811;-0.5975140884762383;0.2833220801159463;-0.7102576316721799;0.7971741697225664;1.0;3834.0;"cluster_3"
-0.7083259301477991;0.42174355462084673;-1.257825121716125;-2.019955451402541;-1.838713548406508;1.7109004211663248;1.0107261246283898;-0.9379876536408286;0.8779142524929319;-0.8704161611750637;-0.8201051656439238;0.4351564785142582;-0.2767256482050069;-1.0;7824.0;"cluster_3"
0.008744764569726029;0.806779494087083;-0.9894851511924565;-0.6812762367625809;-1.4100413641958527;1.0229967186196964;1.0107261246283898;1.2162702977707838;1.4394663137058505;-1.602225530816649;0.8714124253835693;0.8715047109662345;-0.9210655389615506;-1.0;8566.0;"cluster_3"
-1.425396624865324;-0.7016674941090397;0.11853616168856566;0.1846355198611661;0.519781966716074;0.82241512211836;-0.986371278251802;1.0566956347032568;0.6773599449168896;0.510540627609781;-0.5912349539547199;-0.49662880953423305;-0.4485496190734187;1.0;7965.0;"cluster_1"
-0.7083259301477991;-0.03865772567665471;1.4364442326663511;-0.22007398647233176;1.7730834019158195;0.7905044135840565;-0.986371278251802;-0.29968900137072124;0.4768056373408472;0.18702338029547802;-1.0125986549454395;0.8760500050542759;-1.1788014952641683;1.0;5952.0;"cluster_1"
-0.7083259301477991;-1.2691308849066287;0.0322543017531749;-0.6614501663752133;-0.3650596304742669;-1.669355347145968;-0.986371278251802;1.615206955439601;-1.488626576904368;-0.6675211142047879;2.2870732049710947;-1.4056876271425172;1.956985973084345;1.0;6040.0;"cluster_0"
0.008744764569726029;0.450703912519699;-0.7004065862404335;-0.5739749071984795;-0.6893952338903078;0.5484388959881257;1.0107261246283898;-1.017774985174592;0.8779142524929319;-0.5754618527494272;-0.8201051656439238;0.4351564785142582;-0.2767256482050069;1.0;4448.0;"cluster_3"
0.008744764569726029;0.7845461484560744;-0.8600519569958965;-0.22062827751619277;-0.019770730024319203;0.9933653464092717;1.0107261246283898;0.17903498783185925;1.0383576985537657;0.5419675519754829;0.07642947153597063;-0.5511723385907301;1.01195413330808;1.0;8982.0;"cluster_2"
-1.425396624865324;-1.214288632350141;-0.8489382798758944;-1.1622189526457787;-0.23956085544948238;-1.2271641003134763;-0.986371278251802;0.9769083031694935;-1.0474071002370748;0.28454366935081044;-0.5828986217408748;0.3578864790175537;0.6683061915712576;1.0;6363.0;"cluster_3"
-0.7083259301477991;-0.4477512852872132;0.13647505532754112;0.1700998257688733;0.9149715633604104;-0.02732145942366469;1.0107261246283898;1.0566956347032568;1.0784685600689743;1.2314731866877118;-0.8489034042008434;0.998772945431394;-0.7062855753760364;1.0;1012.0;"cluster_1"
-0.7083259301477991;0.2370357601478521;0.2009778914871725;-0.011324555162507003;-0.3854482995791424;1.3416479366979557;1.0107261246283898;-0.5390509959720116;-0.8869636541762409;0.07079895859865268;-0.8307150430069995;-0.9011599833699195;-0.6203735899418306;1.0;2167.0;"cluster_2"
-1.425396624865324;-0.5918689718389818;1.6395417163488697;0.3229300652445525;2.385570738234248;1.2614152980974211;-0.986371278251802;-1.6560736374446994;0.7575816679473065;2.3473914205605992;-0.6086654667654872;0.44424706669034086;-0.23376965548790393;1.0;5622.0;"cluster_1"
0.7258154592872511;-0.8005203692992165;-0.5457174425580609;-0.8454919138959449;-0.5209317550862016;-1.3124112788265443;1.0107261246283898;0.09924765629809584;0.7575816679473065;-0.371580472708071;-0.6086654667654872;0.44424706669034086;-0.23376965548790393;1.0;5991.0;"cluster_3"
0.7258154592872511;-0.20535080933067826;-0.04599355193053066;-0.005601874655617931;0.33099112559295224;-0.717504498294172;-0.986371278251802;1.455632292372074;0.717470806432098;-0.7488347745417292;-0.5692573508454918;0.6624211829163292;0.19579027168312502;1.0;290.0;"cluster_3"
-0.7083259301477991;-0.8128342222640829;-0.07222372162345837;-0.1303879834797356;-0.28492560636413594;-0.7571649503296634;-0.986371278251802;-0.060327006769431;1.4394663137058505;-0.027368328755599462;0.8714124253835693;0.8715047109662345;-0.9210655389615506;1.0;6148.0;"cluster_3"
0.008744764569726029;-0.9181860754079391;-1.6446737782886063;-1.7592246488018302;-1.3726608760470818;-1.2759418976444832;1.0107261246283898;0.8173336401019666;0.6773599449168896;-0.8428169330393336;-0.5912349539547199;-0.49662880953423305;-0.4485496190734187;1.0;7133.0;"cluster_3"
0.008744764569726029;-0.04663892667240139;-0.5090167702507992;0.3099031556538889;0.32376979171777126;-0.11439210699583569;-0.986371278251802;1.3758449608383105;1.4394663137058505;-0.609273169447511;0.8714124253835693;0.8715047109662345;-0.9210655389615506;1.0;8041.0;"cluster_3"
-0.7083259301477991;0.4488796380063854;-1.1517996961464427;-0.8714601282828531;-1.0721047368057004;1.7651486256746407;1.0107261246283898;-0.4592636644382481;-0.726520208115407;-0.8828358138361423;-0.7397732370377794;0.05335177511877878;-0.06194568461949271;-1.0;1106.0;"cluster_3"
0.008744764569726029;0.17808888993640876;-0.0581344165698795;0.4541771959274202;0.3490849530345274;0.1851126859618415;1.0107261246283898;-1.3369243113096458;-0.2853007314481138;-0.946825302938377;-0.44951730631935205;0.3078882440490983;-0.5774175972247276;-1.0;1527.0;"cluster_3"
0.008744764569726029;0.569053721570914;1.1069043162386296;-0.07108098190647058;0.8820649568316157;0.7061689696005401;1.0107261246283898;-0.3794763329044847;-1.488626576904368;0.5813032387643415;2.2870732049710947;-1.4056876271425172;1.956985973084345;1.0;1978.0;"cluster_0"
-0.7083259301477991;-0.8921901635932212;0.06995000285449987;0.42038898357036525;0.034232979579288586;-0.9158067584716294;-0.986371278251802;0.7375463085682032;-0.3655224544785307;0.3375613341531853;-0.5154501156470366;0.03517059876661309;-0.3626376336392128;1.0;4337.0;"cluster_3"
1.4428861540047762;0.5166058293131501;-0.24590921349971387;-0.34240109757677273;-0.7973299932031706;-0.37514818244757286;-0.986371278251802;0.7375463085682032;0.5570273603712641;-0.9863057725633575;-0.8792173395239168;-0.014827636201842477;-0.5774175972247276;1.0;2345.0;"cluster_3"
1.4428861540047762;3.207980822236013;-1.0733910488363199;-1.0835524268147276;-1.141525210868333;1.7770011745588106;1.0107261246283898;-1.4167116428434092;-1.488626576904368;-1.0541365312864501;2.2870732049710947;-1.4056876271425172;1.956985973084345;-1.0;10451.0;"cluster_0"
-1.425396624865324;-1.0320892153329524;-0.870359774294091;-1.0934333602105044;-0.9373539352333624;-0.498688211201805;1.0107261246283898;-1.576286305910936;1.2790228676450166;-0.30065045639924465;0.49551962737745975;1.9214676453038022;-1.7372294005865063;1.0;6425.0;"cluster_3"
1.4428861540047762;2.4070102937342925;2.1032289177617542;1.177717478833591;0.7580791727319423;1.1365076675488617;1.0107261246283898;-0.14011433830319442;1.4394663137058505;0.7953510885796297;0.8714124253835693;0.8715047109662345;-0.9210655389615506;1.0;6226.0;"cluster_2"
1.4428861540047762;-0.42118528768708496;-0.5358636307932794;-1.0867690269650099;-0.4849393736691232;-1.1250498330037053;-0.986371278251802;-0.5390509959720116;0.6372490834016811;0.3121745687319421;0.2833220801159463;-0.7102576316721799;0.7971741697225664;1.0;344.0;"cluster_3"
-1.425396624865324;-1.0837389874911416;0.07242811639104511;0.3181875596337574;0.8917711077188725;-0.7051960821452262;1.0107261246283898;1.5354196239058375;-1.488626576904368;0.5512743736599416;2.2870732049710947;-1.4056876271425172;1.956985973084345;1.0;2962.0;"cluster_0"
0.008744764569726029;-0.27854982417738355;-0.6543666417729248;-0.9394560164896151;-1.0394100549687668;-0.4234701125138039;-0.986371278251802;1.6949942869733643;-0.2853007314481138;-1.4509274670693024;-0.44951730631935205;0.3078882440490983;-0.5774175972247276;1.0;10738.0;"cluster_3"
-1.425396624865324;-0.6549204597053806;-1.2299359401365175;-1.293110823431809;-1.1121554760719266;1.0093207006764233;1.0107261246283898;0.09924765629809584;-1.488626576904368;-0.840708532988309;2.2870732049710947;-1.4056876271425172;1.956985973084345;1.0;3747.0;"cluster_0"
0.008744764569726029;1.3602187745635743;-0.9563749059786015;1.3328997100359234;-0.7511281397556643;1.7605899530268831;1.0107261246283898;0.019460324764332418;0.9982468370385573;0.31342332069349343;-0.9360559682546794;0.4533376548664235;-0.49150561179052166;1.0;7523.0;"cluster_2"
0.7258154592872511;0.30818246616707967;-0.62020461707333;-0.9288624231803028;-1.2390491696934993;-0.20419795815666125;-0.986371278251802;-1.0975623167083555;0.8378033909777234;-1.244557632032102;-0.8178316204946933;-0.023918224377925325;-0.6633295826589335;-1.0;3166.0;"cluster_3"
0.008744764569726029;1.1909032962966626;-0.020497357849953587;0.538675548378244;1.3848373664255451;1.5349356569628798;-0.986371278251802;1.6949942869733643;-1.488626576904368;0.41889761680827053;2.2870732049710947;-1.4056876271425172;1.956985973084345;-1.0;6118.0;"cluster_0"
-0.7083259301477991;-0.9186421440362674;0.32222952763368856;0.3216973562049234;1.3161571150366291;-0.968687361185618;-0.986371278251802;-0.21990166983695786;0.07569702218876245;0.2830324984987884;-0.15622998206861735;1.612387647316986;-1.0499335171128594;1.0;816.0;"cluster_1"
-0.7083259301477991;-0.6545784082341344;-0.41362074923214526;-0.7812540761641634;-0.2009746671787993;-0.44079306857528294;-0.986371278251802;1.6949942869733643;-1.488626576904368;-1.3335900273197898;2.2870732049710947;-1.4056876271425172;1.956985973084345;1.0;9640.0;"cluster_0"
1.4428861540047762;-0.07058252965964143;-0.7555512333425926;-0.868504622755548;-1.2900670117635584;-0.8446914651666102;-0.986371278251802;-0.3794763329044847;1.3592445906754336;-0.9850298738200336;-0.4010150098024347;0.576060595243542;-0.49150561179052166;-1.0;6715.0;"cluster_3"
0.7258154592872511;1.9254018222195215;0.21645002172793826;0.5056299576127711;0.4925715931549563;1.412307362738199;1.0107261246283898;-0.4592636644382481;-0.3655224544785307;0.7152409355679514;-0.5154501156470366;0.03517059876661309;-0.3626376336392128;1.0;2245.0;"cluster_2"
-1.425396624865324;-0.7334782809349444;1.882826256497316;-0.18227732961662196;0.7503091052796204;0.6952281552459217;1.0107261246283898;-1.4964989743771726;-0.1248572853872799;-0.10505336926223659;-0.4972617544531926;-1.0511546882752865;0.36761424255153685;1.0;7857.0;"cluster_1"
-1.425396624865324;-0.47032668238946806;1.1515292767936685;1.191602576488302;0.9478395693203308;1.747369802348386;-0.986371278251802;1.455632292372074;0.19602960673438788;1.391833751083561;-0.0743823566963193;-0.4648117509179432;0.15283427896602206;1.0;2419.0;"cluster_1"
0.7258154592872511;-1.1827058798384005;-1.289858995477847;-1.5225038509156998;-1.2237482069410988;-1.6944280467086348;-0.986371278251802;0.8173336401019666;-0.004524700841654489;-1.0791251439083582;-0.42299261291166285;2.1396417615297905;-0.7492415680931395;1.0;7819.0;"cluster_3"
1.4428861540047762;1.6231423387948865;-1.2447384122154992;-1.202142888642793;-1.5644254747213602;0.5096901784821857;-0.986371278251802;-0.7784129905733018;-1.488626576904368;-1.3080946747714557;2.2870732049710947;-1.4056876271425172;1.956985973084345;-1.0;3678.0;"cluster_0"
-1.425396624865324;-0.9705199505086208;1.477474982748538;0.9124474820088291;2.0971457738541393;-0.2525198882228923;1.0107261246283898;-1.3369243113096458;0.9180251140081404;-0.47000565448916504;-0.5374277187562647;1.007863533607477;-0.6203735899418306;1.0;6472.0;"cluster_1"
0.7258154592872511;0.7218367120609219;1.084272140397999;0.4915693701295022;-0.47348787156960676;0.209273650994957;-0.986371278251802;-0.7784129905733018;1.4394663137058505;-0.4715982656865056;0.8714124253835693;0.8715047109662345;-0.9210655389615506;1.0;4413.0;"cluster_2"
0.7258154592872511;0.060993269613096715;-0.7192818662920729;0.5163305569151068;-0.6995850271993486;-0.45127801566512554;-0.986371278251802;-1.4167116428434092;1.4394663137058505;-0.6899488804127902;0.8714124253835693;0.8715047109662345;-0.9210655389615506;-1.0;9750.0;"cluster_3"
1.4428861540047762;-0.6212853983661625;0.3024254279282752;-0.36201957633767495;-0.052380641984507946;-1.2850592429399985;-0.986371278251802;0.41839698243314954;-0.48585503902415617;-0.473548309510522;0.9578071410543284;-0.19663939972349945;0.4105702352686398;1.0;6353.0;"cluster_3"
1.4428861540047762;3.735880259526115;0.09569211659900877;-0.3887924757921189;-0.954613687637683;2.199134261741168;-0.986371278251802;-0.14011433830319442;-1.3281831308435341;-0.8355325465969524;-0.1638084658993857;0.4124300080740508;-0.14785767005369863;1.0;817.0;"cluster_2"
-0.7083259301477991;-0.45687265785378084;-1.0793877052568146;-1.1964737111324155;-1.5731000064835914;-0.04555615001469526;1.0107261246283898;0.5779716455006764;-0.8468527926610324;-1.0070730606195872;-1.0679215869100485;-0.41026822186144607;-0.10490167733659567;1.0;4414.0;"cluster_3"
-0.7083259301477991;-1.1122432767616655;-0.164831391991068;-0.33443129121639315;-0.11733026192276204;-1.355718668980242;1.0107261246283898;-0.8582003221070652;0.35647305279522173;-0.36235961583256004;0.011254510591362918;-0.7784370429928011;-0.4485496190734187;1.0;6030.0;"cluster_3"
-0.7083259301477991;0.22494994149714997;-0.014610419433367086;0.269450610051339;1.344394566479375;1.31748697166484;-0.986371278251802;-1.4167116428434092;-1.488626576904368;-0.7887812639204771;2.2870732049710947;-1.4056876271425172;1.956985973084345;-1.0;11021.0;"cluster_0"
-0.7083259301477991;-0.6520700307783283;0.2904964325378525;0.07866962508999652;1.9197867561091462;-0.4357785286627495;-0.986371278251802;0.8173336401019666;1.1988011446145996;-0.6581645234204125;0.2802906865836389;0.544243536627252;-1.0928895098299625;1.0;8564.0;"cluster_1"
1.4428861540047762;1.7696543856453792;0.10141069463028811;-0.48888802178602725;-0.22788607554961204;0.6268480655295572;-0.986371278251802;-1.7358609689784628;-1.4485157153891595;0.2829646315443563;-0.7700871723608528;-0.7602558666406355;0.45352622798574277;1.0;9869.0;"cluster_2"
1.4428861540047762;-0.39553142734361346;-1.1243247946160746;-1.3690315754818805;-0.9994009437670135;-1.1045358060887958;-0.986371278251802;-1.017774985174592;0.1559187452191794;-0.5207837097952799;-0.860271129946996;-0.2648188110441207;-1.4794934442838892;-1.0;5700.0;"cluster_3"
0.7258154592872511;-0.4333851234948692;0.1727538808266735;0.08568493799260754;0.014909988924916276;-0.9454381306820541;1.0107261246283898;-1.017774985174592;1.0784685600689743;-0.3968496020749649;-0.8489034042008434;0.998772945431394;-0.7062855753760364;-1.0;1247.0;"cluster_3"
-0.7083259301477991;-0.09999895618682206;-0.7141591705233978;-0.3092913032154857;0.2382816416425394;0.667876119359376;1.0107261246283898;1.455632292372074;1.2790228676450166;-1.1546112950913945;0.49551962737745975;1.9214676453038022;-1.7372294005865063;1.0;8316.0;"cluster_3"
-1.425396624865324;-1.2341276176824254;-1.216616552800018;-1.4735314881486303;-1.0651271163261602;-1.3064850043844594;1.0107261246283898;-0.5390509959720116;-1.488626576904368;-0.44660060413734015;2.2870732049710947;-1.4056876271425172;1.956985973084345;1.0;3064.0;"cluster_0"
-0.7083259301477991;-1.0791783012078577;-0.5664295533302999;-1.1342582866687754;-0.3668314722730087;-1.289617915587756;-0.986371278251802;0.6577589770344398;-1.488626576904368;-0.40427424688983943;2.2870732049710947;-1.4056876271425172;1.956985973084345;1.0;7607.0;"cluster_0"
0.7258154592872511;0.38617020161123294;-0.5560857939273769;-0.11086152987283351;0.049826852530797626;-0.12624465588000555;-0.986371278251802;1.1364829662370204;-0.16496814690248837;1.839067931863996;0.11507973907288915;1.8896505866875122;-0.9210655389615506;1.0;2228.0;"cluster_2"
0.008744764569726029;0.10796833833092004;-1.4371573074142028;-1.3599553271536393;-1.2365393758427394;0.0916598966828098;1.0107261246283898;0.17903498783185925;-0.4056333159937392;-0.8348493525890024;-0.7041543630331683;-0.6875311612319729;-0.40559362635631574;1.0;2361.0;"cluster_3"
-1.425396624865324;-1.2042551225269165;-0.639891432015945;-0.19015297070314086;-0.8012664943544979;-1.1870477810132092;1.0107261246283898;-0.29968900137072124;-1.488626576904368;0.06912038259236455;2.2870732049710947;-1.4056876271425172;1.956985973084345;1.0;3752.0;"cluster_0"
0.7258154592872511;0.12985963249068236;-0.11617334894754533;-0.6854516106103522;0.576900212416146;-0.3824420586839851;-0.986371278251802;1.615206955439601;0.5570273603712641;-1.0335683196298882;-0.8792173395239168;-0.014827636201842477;-0.5774175972247276;1.0;4079.0;"cluster_3"
-0.7083259301477991;-0.9311840313152979;0.9431539787852256;0.9285732851574491;2.4156708563436773;-0.993760060748285;-0.986371278251802;-1.017774985174592;1.0383576985537657;0.9374825890150111;0.07642947153597063;-0.5511723385907301;1.01195413330808;1.0;8625.0;"cluster_1"
-0.7083259301477991;-0.38572595183455327;0.3643366491680084;-0.16823172297237593;0.6026452781078212;0.09667443659534321;-0.986371278251802;1.1364829662370204;1.4394663137058505;-0.7144488509627868;0.8714124253835693;0.8715047109662345;-0.9210655389615506;1.0;9591.0;"cluster_3"
-0.7083259301477991;-0.17775865731681115;1.1523124363388055;0.34803795144755284;-0.16283200701322587;0.5124253820708403;-0.986371278251802;1.615206955439601;0.35647305279522173;0.3159253490802242;0.011254510591362918;-0.7784370429928011;-0.4485496190734187;1.0;9828.0;"cluster_1"
-1.425396624865324;-0.7307418691649741;-1.358485715232645;-0.35922243968004447;-0.9882067787933293;0.7061689696005401;1.0107261246283898;-1.4167116428434092;1.1988011446145996;-0.8049878926388682;0.2802906865836389;0.544243536627252;-1.0928895098299625;-1.0;1993.0;"cluster_3"
1.4428861540047762;0.7611726312542448;-0.7588957407720672;-0.7984263979245517;-0.9370269657087761;-0.17958112585876998;1.0107261246283898;0.8173336401019666;0.9180251140081404;-0.4223404301596705;-0.5374277187562647;1.007863533607477;-0.6203735899418306;1.0;5628.0;"cluster_3"
0.008744764569726029;0.9771211267677337;-0.35271969030425604;-0.9394281949314289;-0.09930228251044401;1.250018616478027;1.0107261246283898;1.455632292372074;-0.4056333159937392;-0.02847682234465748;-0.7041543630331683;-0.6875311612319729;-0.40559362635631574;1.0;1762.0;"cluster_2"
-0.7083259301477991;0.3982560202619351;0.07310155793227407;-0.06505226425953466;0.28815887474604357;1.663946092894421;-0.986371278251802;0.89712097163573;-1.488626576904368;0.41145939860250974;2.2870732049710947;-1.4056876271425172;1.956985973084345;-1.0;347.0;"cluster_0"
-1.425396624865324;-1.0348256271029226;0.4041869848633218;0.05520321081997408;1.2890610294343368;-0.5096290255564233;-0.986371278251802;-1.017774985174592;1.5196880367362675;0.16933272750683787;-0.8746702492254558;1.0714976508400569;-0.6203735899418306;1.0;9472.0;"cluster_1"
1.4428861540047762;0.41570064529549566;2.3302827600906912;1.4181385439584688;2.6424794734389545;-0.45583668831288315;1.0107261246283898;0.019460324764332418;-1.3682939923587425;1.230998118006687;0.1741919129528822;0.6942382415326189;-0.5344616045076246;1.0;960.0;"cluster_1"
0.008744764569726029;-0.7054300602927489;-0.5993619797102349;-0.8805727586487222;-0.8364142044997284;-0.9923924589539578;1.0107261246283898;0.9769083031694935;-0.004524700841654489;-0.46787463211999647;-0.42299261291166285;2.1396417615297905;-0.7492415680931395;1.0;1256.0;"cluster_3"
0.7258154592872511;-0.5519629668602485;-1.0362987967564896;-1.4619149175460147;-0.9461700024148009;-1.0639636195237527;1.0107261246283898;0.41839698243314954;-1.488626576904368;-0.5474463739598466;2.2870732049710947;-1.4056876271425172;1.956985973084345;1.0;854.0;"cluster_0"
1.4428861540047762;0.12780732366320466;-0.733497914557063;-1.0982464897766948;-0.9688709212826655;-0.6860496570246442;-0.986371278251802;-1.4964989743771726;0.3965839143104302;-1.020524290988034;-0.35099701651936366;-0.4920835154461917;0.10987828624891911;1.0;3629.0;"cluster_3"
1.4428861540047762;2.582026629855309;-0.891482381736124;0.0566777534038362;-0.04888842581219021;1.2764589178350214;1.0107261246283898;-0.21990166983695786;-0.3655224544785307;1.7754313509248083;-0.5154501156470366;0.03517059876661309;-0.3626376336392128;1.0;8377.0;"cluster_2"
1.4428861540047762;-0.7786290751394542;-1.3314667109254126;-1.4696921131189522;-0.9078335825309546;-1.4108786080181095;-0.986371278251802;0.25882231936562267;0.4366947758256387;-0.728574226411926;-0.9966838389008261;-0.5738988090309374;1.4415140604791097;1.0;7190.0;"cluster_3"
-0.7083259301477991;-1.0976490806551573;-0.7582279743000058;-0.40059737694245556;-1.1694962426984532;-1.326543164034593;1.0107261246283898;-0.8582003221070652;-0.48585503902415617;-0.17273029622194974;0.9578071410543284;-0.19663939972349945;0.4105702352686398;1.0;8159.0;"cluster_3"
-0.7083259301477991;-0.05484816198231226;0.930576133819967;0.4611218848746362;1.3272854319810563;0.7581378377849772;1.0107261246283898;1.3758449608383105;0.9180251140081404;-0.23821738278531998;-0.5374277187562647;1.007863533607477;-0.6203735899418306;1.0;9656.0;"cluster_1"
0.008744764569726029;1.1402796785522122;-0.7987990437796121;-0.8270547812980207;-0.6886444149819982;1.4674673017760667;1.0107261246283898;0.8173336401019666;0.5169164988560556;-0.29174631197775;-0.7443203273362404;-0.2511829287799963;0.4105702352686398;1.0;8489.0;"cluster_2"
-0.7083259301477991;0.5029237704632987;-0.6672320235760116;-0.1793710468461076;-1.0714462565131306;1.8731891674264969;-0.986371278251802;0.25882231936562267;0.11580788370397092;-0.28928500376367855;0.23406193521595206;0.4351564785142582;-0.3196816409221099;1.0;10630.0;"cluster_2"
1.4428861540047762;-0.8105538791224409;-1.3861422189763783;-1.5612207593114107;-1.342971740465084;-1.4364071748455522;-0.986371278251802;0.9769083031694935;0.2762513297648048;-1.124093787915083;-0.8587554331808424;-0.28754528148432773;0.45352622798574277;1.0;10440.0;"cluster_3"
0.7258154592872511;3.038209275340773;0.20148864771226208;-0.3727180355201503;-1.1994124404503026;2.524623488791064;-0.986371278251802;0.89712097163573;1.1185794215841827;-0.20747365242756813;-0.7662979304454686;0.27152589134476696;-0.8351535535273453;1.0;4774.0;"cluster_2"
-0.7083259301477991;-0.4438747019464219;0.31688550416747474;0.017943724049241577;1.4944463308041138;-0.019571715922476696;1.0107261246283898;-0.3794763329044847;-1.1276288232674918;0.9471468433261454;0.4553536630743875;-1.3556893921740616;0.8401301624396682;1.0;5650.0;"cluster_0"
1.4428861540047762;1.3329686740209536;-0.5463946674787351;-0.05628419319120055;0.12047951730182511;0.27765374071132165;1.0107261246283898;-1.7358609689784628;-1.3281831308435341;-0.6127751042962084;-0.1638084658993857;0.4124300080740508;-0.14785767005369863;1.0;5632.0;"cluster_2"
-0.7083259301477991;-0.9617406294132995;-0.7293134968907746;-0.40432118549966833;-0.6267994917795152;-1.0548462742282376;1.0107261246283898;0.6577589770344398;-1.1677396847827002;0.11902069195449047;-0.4730106061947339;0.20334648002414568;1.1837781041764919;1.0;3489.0;"cluster_3"
-1.425396624865324;-1.1885207548495873;-0.2828690472989656;0.14842897206178307;-0.3931093771899358;-1.1241380984741538;1.0107261246283898;-1.0975623167083555;-1.1677396847827002;-0.4714534828503837;-0.4730106061947339;0.20334648002414568;1.1837781041764919;1.0;4580.0;"cluster_3"
-0.7083259301477991;-0.357905765506522;1.5408371300054693;2.027407126914997;-0.043133156680351316;0.15229024289798646;1.0107261246283898;-0.060327006769431;-1.4485157153891595;1.0672034857165715;-0.7700871723608528;-0.7602558666406355;0.45352622798574277;1.0;4727.0;"cluster_1"
-1.425396624865324;-1.177347073455542;-0.9892789570126983;-1.1764678706767688;-0.7059465523246912;-1.0794631065261289;-0.986371278251802;-0.7784129905733018;-0.9270745156914494;-0.7671679011656601;-0.3623647422655162;0.03517059876661309;0.10987828624891911;1.0;4825.0;"cluster_3"
0.7258154592872511;-1.057743075676424;-1.1062705079040236;-0.8956777246238993;-0.40120111604954745;-1.5695204161600755;-0.986371278251802;-1.017774985174592;1.0383576985537657;0.12340037274717697;0.07642947153597063;-0.5511723385907301;1.01195413330808;1.0;8776.0;"cluster_3"
-0.7083259301477991;-0.9498828450767616;-0.022947096040660593;-0.44908179238133855;-0.07719096841029363;-1.0311411764598977;-0.986371278251802;0.17903498783185925;-0.7666310696306154;-0.03612769034097211;-0.8496612525839203;0.207891774112187;-0.06194568461949271;1.0;1375.0;"cluster_3"
1.4428861540047762;-0.5648469056105252;-1.3952525966801963;-1.253884566509307;-0.7600123255880581;-1.239928383727198;1.0107261246283898;0.25882231936562267;-1.4485157153891595;-0.10728392983123884;-0.7700871723608528;-0.7602558666406355;0.45352622798574277;1.0;8492.0;"cluster_3"
0.7258154592872511;0.4121661134259507;0.07325289311007857;0.5061136247012367;0.08380065125789535;-0.10026022178778699;1.0107261246283898;-0.4592636644382481;1.0383576985537657;-0.8215655273748214;0.07642947153597063;-0.5511723385907301;1.01195413330808;1.0;9493.0;"cluster_2"
0.7258154592872511;1.560546919556816;1.7825534593739192;1.7986711162282696;0.26777928812796187;1.0476135509175877;-0.986371278251802;1.9343562815746544;1.3592445906754336;0.4552245352839718;-0.4010150098024347;0.576060595243542;-0.49150561179052166;1.0;915.0;"cluster_2"
-1.425396624865324;-1.0369919530874825;-0.15801752561043034;-0.5305219135515549;-0.015093249325375797;-0.5182905035871629;-0.986371278251802;-0.14011433830319442;-1.488626576904368;-0.5700777410311454;2.2870732049710947;-1.4056876271425172;1.956985973084345;1.0;9897.0;"cluster_0"
1.4428861540047762;1.6077500225888035;0.9022386217761147;0.8779145079403317;1.5328047000310456;0.49738176233324005;1.0107261246283898;0.25882231936562267;0.23614046824959634;0.3972028137081351;-0.9618228132792918;0.10789530417527568;-1.0499335171128594;1.0;10942.0;"cluster_2"
0.008744764569726029;-1.1730144214864224;-0.5552685839672338;0.23073584177548861;-0.5206168955440075;-1.6155630099024276;-0.986371278251802;0.3386096508993861;-0.16496814690248837;0.05254727232004025;0.11507973907288915;1.8896505866875122;-0.9210655389615506;1.0;7861.0;"cluster_3"
1.4428861540047762;1.1488309653333695;-0.5378688218991862;-0.6864703076639345;-0.7818844675359643;0.13040861418874977;1.0107261246283898;-0.4592636644382481;-0.726520208115407;-0.16190325475821188;-0.7397732370377794;0.05335177511877878;-0.06194568461949271;1.0;8405.0;"cluster_2"
0.008744764569726029;0.8208036044081808;1.9793667497981147;0.3561404452392812;-0.1736621156412485;1.0416872764755027;-0.986371278251802;-1.0975623167083555;-1.488626576904368;-0.08430417906052216;2.2870732049710947;-1.4056876271425172;1.956985973084345;1.0;10093.0;"cluster_0"
0.008744764569726029;1.0899981122790081;2.1220209634656015;0.07255744276850211;0.8324738220621245;1.4004548138540291;-0.986371278251802;-1.4167116428434092;-1.0875179617522832;1.2719580872382872;0.07491377476981696;-1.3329629217338546;1.3985580677620066;1.0;10663.0;"cluster_2"
1.4428861540047762;2.6088206617696015;1.5543381195553345;4.458700994997988;0.3069611361575559;1.2978846792794823;1.0107261246283898;1.0566956347032568;-1.488626576904368;-0.7706788849416153;2.2870732049710947;-1.4056876271425172;1.956985973084345;1.0;11349.0;"cluster_0"
-1.425396624865324;-1.0204594653105787;-0.21422151895721908;-0.49304627467491496;-0.2914839187033495;-0.45218975019467705;1.0107261246283898;-1.3369243113096458;0.9581359755233488;0.19796805781356516;-0.7420467821870099;-0.755710572552594;-0.5344616045076246;1.0;6738.0;"cluster_3"
0.008744764569726029;-0.6790920970067849;-0.4291874639590387;3.389197495928142;0.6091301736787832;-0.9572906795662239;1.0107261246283898;-0.6188383275057749;0.03558616067355398;1.1634704983467243;0.699380842425128;2.671441169830637;-1.3506254661325803;1.0;4423.0;"cluster_1"
-1.425396624865324;-0.9820356833739124;-0.08909570225891371;-0.9175732909163385;-0.11706232856233707;-0.2985624819652445;-0.986371278251802;-1.0975623167083555;0.19602960673438788;-0.7714480437585127;-0.0743823566963193;-0.4648117509179432;0.15283427896602206;1.0;7546.0;"cluster_3"
-0.7083259301477991;-0.43680563820733204;-1.1251741633015013;-1.1751388562434186;-1.1366736491725034;-0.0054398307144280025;1.0107261246283898;-1.6560736374446994;1.1988011446145996;-0.4931347125596327;0.2802906865836389;0.544243536627252;-1.0928895098299625;1.0;2343.0;"cluster_3"
0.008744764569726029;-0.8090716560803737;1.091674322282351;1.4102436417932056;1.5278925884232561;-1.1305202401810144;-0.986371278251802;-1.3369243113096458;-0.8869636541762409;2.9126145638530954;-0.8307150430069995;-0.9011599833699195;-0.6203735899418306;-1.0;6609.0;"cluster_1"
1.4428861540047762;0.3490006084024698;2.099456888454982;1.6426520981604944;0.9499837930776296;-0.5091731582916476;1.0107261246283898;0.6577589770344398;-0.7666310696306154;-0.13530393308444827;-0.8496612525839203;0.207891774112187;-0.06194568461949271;1.0;2218.0;"cluster_1"
0.7258154592872511;0.9412057222868736;1.321961062347132;1.1811973137267107;2.0455337857729683;0.42854580535209963;-0.986371278251802;-0.8582003221070652;1.0784685600689743;2.0114002270216726;-0.8489034042008434;0.998772945431394;-0.7062855753760364;1.0;9627.0;"cluster_1"
0.008744764569726029;-0.299414963923407;-0.14752999778859327;-0.8126089722398675;-0.6118762091029677;-0.45127801566512554;-0.986371278251802;-0.9379876536408286;0.6372490834016811;-0.34765963350256207;0.2833220801159463;-0.7102576316721799;0.7971741697225664;1.0;9731.0;"cluster_3"
0.7258154592872511;-0.6865032122171211;-1.4756531932681678;-1.621563578897142;-1.1327901291941413;-1.1984444626326032;-0.986371278251802;-0.9379876536408286;0.03558616067355398;-0.9135931175847806;0.699380842425128;2.671441169830637;-1.3506254661325803;1.0;789.0;"cluster_3"
-0.7083259301477991;-0.07035449534547725;-0.9399834145326749;-0.550405767175155;-1.2191396017670106;0.7271388637802253;-0.986371278251802;-0.6986256590395383;-1.0875179617522832;-0.2976326391588297;0.07491377476981696;-1.3329629217338546;1.3985580677620066;-1.0;4081.0;"cluster_0"
-0.7083259301477991;-1.0844230904336343;0.07718193266382206;-0.31652062810414383;0.8816161306092091;-1.3001028626775988;-0.986371278251802;-0.6986256590395383;-1.488626576904368;0.40308914088921455;2.2870732049710947;-1.4056876271425172;1.956985973084345;1.0;5774.0;"cluster_0"
0.008744764569726029;0.6826148100246812;1.1802451267820315;0.8794361331611236;-0.22962839926627318;0.8575169015060939;-0.986371278251802;-1.1773496482421189;1.3592445906754336;0.025151645047606478;-0.4010150098024347;0.576060595243542;-0.49150561179052166;1.0;11042.0;"cluster_2"
0.7258154592872511;0.470998966480312;0.33856616007766094;-0.4016717171124102;-0.6612342267114114;-0.041453344631713386;-0.986371278251802;-1.6560736374446994;1.4394663137058505;-0.4855200402723485;0.8714124253835693;0.8715047109662345;-0.9210655389615506;1.0;6924.0;"cluster_2"
-1.425396624865324;-1.1147516542174716;-0.8755278706161072;-0.5512553947597605;-0.6677652915902433;-0.8291919781642342;-0.986371278251802;0.8173336401019666;0.5570273603712641;-1.0568014403638184;-0.8792173395239168;-0.014827636201842477;-0.5774175972247276;1.0;7765.0;"cluster_3"
-0.7083259301477991;-0.4972347314608426;-0.0406892539484903;0.4162350109211985;0.12313690156298851;-0.12624465588000555;1.0107261246283898;-0.8582003221070652;-0.2853007314481138;-0.9142220180291849;-0.44951730631935205;0.3078882440490983;-0.5774175972247276;1.0;2227.0;"cluster_3"
-0.7083259301477991;-0.38572595183455327;-0.04683346216734454;0.3967534998313661;0.27537300396169934;0.09667443659534321;1.0107261246283898;-0.8582003221070652;-0.2853007314481138;-0.5258646824504314;-0.44951730631935205;0.3078882440490983;-0.5774175972247276;1.0;9583.0;"cluster_3"
1.4428861540047762;0.4424946772097881;0.6524145102568004;0.3848201914894013;1.6131642725632296;-0.43441092686842225;-0.986371278251802;0.8173336401019666;-0.6864093466001985;1.6642336083195888;-0.31765168766398294;-0.6602593967037244;0.06692229353181615;1.0;7606.0;"cluster_1"
0.7258154592872511;0.8290128397180917;0.48582096315039813;0.3485751215325302;1.8035664982183983;0.3164024582172616;1.0107261246283898;-0.8582003221070652;1.4394663137058505;-0.022373320909395124;0.8714124253835693;0.8715047109662345;-0.9210655389615506;1.0;5742.0;"cluster_2"
1.4428861540047762;0.5576520058627045;0.021229534050132937;-0.3952877395686367;-0.5797491826906632;-0.34232573938371785;-0.986371278251802;1.2162702977707838;0.2762513297648048;0.1511036635463695;-0.8587554331808424;-0.28754528148432773;0.45352622798574277;1.0;1011.0;"cluster_2"
1.4428861540047762;-0.18973045881043119;-0.40787190416530505;-0.029192415877547062;0.6441348346570069;-0.9399677235047449;-0.986371278251802;1.2162702977707838;-1.488626576904368;-1.0284556757293348;2.2870732049710947;-1.4056876271425172;1.956985973084345;1.0;8899.0;"cluster_0"
0.7258154592872511;1.5610029881851444;2.032714291663847;1.3480046760111004;0.44465693407286955;1.0480694181823633;-0.986371278251802;-1.2571369797758822;1.3592445906754336;-0.28277430060182346;-0.4010150098024347;0.576060595243542;-0.49150561179052166;1.0;7562.0;"cluster_2"
-0.7083259301477991;0.42174355462084673;1.241422372409414;-0.36536244355972464;2.017998713308963;1.7109004211663248;-0.986371278251802;1.1364829662370204;-0.7666310696306154;2.1230639893806593;-0.8496612525839203;0.207891774112187;-0.06194568461949271;1.0;7815.0;"cluster_1"
0.7258154592872511;-0.09452613264688148;0.8727698792781751;0.507919885863471;1.3771793163103498;-0.6067287529536611;-0.986371278251802;-1.2571369797758822;0.4768056373408472;0.594763518060046;-1.0125986549454395;0.8760500050542759;-1.1788014952641683;1.0;4503.0;"cluster_1"
0.7258154592872511;-0.44159435880478004;-0.5577902063673977;-1.3349694277826856;-0.3223946487591489;-0.9536437414480178;1.0107261246283898;-0.8582003221070652;0.1559187452191794;-0.6584721869471715;-0.860271129946996;-0.2648188110441207;-1.4794934442838892;1.0;4907.0;"cluster_3"
0.7258154592872511;-1.1872665661216844;-1.2634737072276698;-1.3362556398188263;-0.5605245856432268;-1.6989867193563926;1.0107261246283898;0.89712097163573;0.797692529462515;-0.9255467504920919;-0.5806250765916443;0.19425589184806283;-1.0928895098299625;1.0;5126.0;"cluster_3"
1.4428861540047762;0.18823641691671525;-1.3613100079884177;-1.4256634272295619;-1.266656902051857;-0.6377277269584132;1.0107261246283898;0.7375463085682032;0.5169164988560556;-0.8593131274299683;-0.7443203273362404;-0.2511829287799963;0.4105702352686398;1.0;2496.0;"cluster_3"
-0.7083259301477991;-0.5266511579880232;0.6164894307357857;0.6370461577646161;1.3751826829634544;-0.18505153303607916;-0.986371278251802;-0.29968900137072124;1.2790228676450166;-0.12028271383680499;0.49551962737745975;1.9214676453038022;-1.7372294005865063;1.0;11138.0;"cluster_1"
0.008744764569726029;-0.15506924305747416;-0.5903651033897701;-0.439770130868446;-0.3552671959624661;-0.258902029929753;-0.986371278251802;1.615206955439601;-0.726520208115407;-1.4504433494610198;-0.7397732370377794;0.05335177511877878;-0.06194568461949271;-1.0;4995.0;"cluster_3"
-1.425396624865324;-0.779655229553193;1.153402049618996;-0.29464432289044873;0.40988614712959276;0.5106019130117372;1.0107261246283898;0.8173336401019666;-1.2479614078131172;0.36065419651462216;0.3007525929267134;-0.29663586966041056;0.36761424255153685;1.0;3804.0;"cluster_1"
-0.7083259301477991;-0.7948195114451118;0.04388251847771188;2.7025764207348892;-0.4134193314092627;-0.721151436412378;1.0107261246283898;0.49818431396691293;-1.0072962387218662;0.8124807078782975;-0.7011229695008608;-0.11936940022679533;0.06692229353181615;-1.0;5066.0;"cluster_1"
-0.7083259301477991;-0.6926601386995542;-0.23124483477047855;1.875062694647644;0.5415655544177379;-0.5169229017928356;1.0107261246283898;0.09924765629809584;-0.2853007314481138;-0.24314904814072094;-0.44951730631935205;0.3078882440490983;-0.5774175972247276;-1.0;6400.0;"cluster_1"
0.008744764569726029;-0.301809324222131;-0.4367996234025942;-0.5179701105699153;-0.7327118840328997;-0.4544690865185559;-0.986371278251802;1.3758449608383105;1.0784685600689743;-1.2827395805956143;-0.8489034042008434;0.998772945431394;-0.7062855753760364;1.0;10884.0;"cluster_3"
1.4428861540047762;-0.8476094551741219;-1.1683254975626707;-1.2971278284099057;-1.6147802952554524;-1.466038547055977;-0.986371278251802;0.09924765629809584;0.6372490834016811;-1.1913273174391732;0.2833220801159463;-0.7102576316721799;0.7971741697225664;1.0;8092.0;"cluster_3"
1.4428861540047762;1.381425965780844;0.646654315051625;0.6765078278717696;1.0492848918188344;0.3164024582172616;1.0107261246283898;0.019460324764332418;0.5570273603712641;-1.3647228615496194;-0.8792173395239168;-0.014827636201842477;-0.5774175972247276;-1.0;5735.0;"cluster_2"
0.7258154592872511;-0.20991149561396208;0.4094818243967492;-0.21648714558618878;1.8792538881689351;-0.7220631709419295;1.0107261246283898;-1.4167116428434092;-0.004524700841654489;1.621694601281534;-0.42299261291166285;2.1396417615297905;-0.7492415680931395;1.0;3112.0;"cluster_1"
1.4428861540047762;2.231423871827866;0.8440672711178699;1.1287194346281961;0.44665810866316136;0.9961005499979263;-0.986371278251802;0.8173336401019666;1.4394663137058505;-0.7776827546390105;0.8714124253835693;0.8715047109662345;-0.9210655389615506;1.0;2912.0;"cluster_2"
0.008744764569726029;0.6460153026013284;-1.3010729321531445;-1.4491747840166538;-1.00616966705029;0.8087391041750871;-0.986371278251802;-0.3794763329044847;0.35647305279522173;-0.6513733035135715;0.011254510591362918;-0.7784370429928011;-0.4485496190734187;1.0;4852.0;"cluster_3"
0.7258154592872511;0.9731305262698603;0.21297687939732982;0.7707458658075794;1.8377930928279305;0.46045651388640313;-0.986371278251802;-1.576286305910936;-1.488626576904368;0.4892620751634958;2.2870732049710947;-1.4056876271425172;1.956985973084345;1.0;8327.0;"cluster_0"
0.008744764569726029;0.5461362729974129;2.807204222802561;1.0894589357879263;0.44382740027901174;0.6756258628605639;1.0107261246283898;0.49818431396691293;-0.2853007314481138;1.804609616866993;-0.44951730631935205;0.3078882440490983;-0.5774175972247276;1.0;1772.0;"cluster_1"
0.7258154592872511;0.08881345594112801;-0.21022816195290872;-0.6924348217150563;-0.7621391412456684;-0.4234701125138039;-0.986371278251802;0.25882231936562267;1.3191337291602252;-0.2062022781478731;-0.6404950988547141;0.930593534110773;-0.8351535535273453;1.0;10728.0;"cluster_3"
0.7258154592872511;-0.42836836858325694;-1.2056561025475427;0.02742659515097134;-1.2197526696256098;-0.9404235907695206;1.0107261246283898;0.25882231936562267;1.2790228676450166;-0.46832255401924855;0.49551962737745975;1.9214676453038022;-1.7372294005865063;-1.0;9017.0;"cluster_3"
-1.425396624865324;-0.9566098573446052;2.670631791593083;0.630837670049401;0.17855823598036955;-0.19690408192024902;-0.986371278251802;1.2960576293045472;-1.0072962387218662;1.7510444919655321;-0.7011229695008608;-0.11936940022679533;0.06692229353181615;1.0;5574.0;"cluster_1"
0.7258154592872511;0.6680206139181729;-1.0074316115903224;-0.717823063619778;-1.6070571539848995;0.1554813137514168;-0.986371278251802;0.25882231936562267;1.2389120061298082;-1.4974796733461102;-1.0232085323085152;1.5851158827887373;0.10987828624891911;-1.0;808.0;"cluster_3"
0.7258154592872511;0.5289196822780164;0.5454526982744541;0.41791928525138594;1.2356930939063135;0.016441797994808684;-0.986371278251802;0.41839698243314954;1.0784685600689743;0.25759596397762874;-0.8489034042008434;0.998772945431394;-0.7062855753760364;1.0;2456.0;"cluster_1"
0.008744764569726029;1.2596556420171663;-0.3384147326223058;-0.226241811910198;-0.4227735359332498;1.6265649771828083;1.0107261246283898;-1.6560736374446994;0.23614046824959634;-1.3629492718071266;-0.9618228132792918;0.10789530417527568;-1.0499335171128594;-1.0;3037.0;"cluster_2"
0.7258154592872511;0.9881807910046969;-0.3931696916416189;0.23411509103516642;-0.22149730296388698;0.4755001336240034;-0.986371278251802;0.3386096508993861;-0.48585503902415617;0.6193313555644746;0.9578071410543284;-0.19663939972349945;0.4105702352686398;1.0;1967.0;"cluster_2"
0.7258154592872511;1.669091253098971;1.3660752666770806;2.2098844468177274;-0.2188686799109051;1.1561099599342195;-0.986371278251802;1.854568950040891;-1.488626576904368;0.2137448624872193;2.2870732049710947;-1.4056876271425172;1.956985973084345;-1.0;5213.0;"cluster_0"
-1.425396624865324;-1.0929743772147913;-1.2711709927087402;-0.5733820939971301;-0.5037507175674297;-0.7421213305920632;1.0107261246283898;1.6949942869733643;-0.6864093466001985;-0.7604581216041376;-0.31765168766398294;-0.6602593967037244;0.06692229353181615;-1.0;7418.0;"cluster_3"
1.4428861540047762;-0.9108889773546849;-0.09251776896701314;-0.846343681600411;-0.08570882727532712;-1.5166398134460868;1.0107261246283898;-0.5390509959720116;1.2790228676450166;0.14856543945060816;0.49551962737745975;1.9214676453038022;-1.7372294005865063;1.0;2352.0;"cluster_3"
-1.425396624865324;-1.0929743772147913;-1.0790926016600964;-0.48410271377802283;-1.03337625624191;-0.7421213305920632;1.0107261246283898;1.6949942869733643;-0.6864093466001985;-1.171112013945658;-0.31765168766398294;-0.6602593967037244;0.06692229353181615;-1.0;19.0;"cluster_3"
-0.7083259301477991;0.19621761791246192;1.9428230877378247;0.7398896176593642;0.0354825783873721;1.2600476963030938;1.0107261246283898;1.2162702977707838;-0.8869636541762409;-0.8159506680114704;-0.8307150430069995;-0.9011599833699195;-0.6203735899418306;1.0;67.0;"cluster_1"
1.4428861540047762;-0.20626294658733502;-0.5290535477920865;-0.4504792906502236;-0.17735263277523627;-0.953187874183242;-0.986371278251802;-0.6188383275057749;1.2790228676450166;-1.186875245228426;0.49551962737745975;1.9214676453038022;-1.7372294005865063;1.0;5794.0;"cluster_3"
1.4428861540047762;0.7155657684214067;-0.6339647681151848;-0.7122651723421449;-0.004716508163157289;-0.21605050704083112;1.0107261246283898;1.2960576293045472;-0.726520208115407;-0.6926545096628175;-0.7397732370377794;0.05335177511877878;-0.06194568461949271;1.0;8411.0;"cluster_3"
-0.7083259301477991;-0.7489846142981094;-0.3101320795804074;1.5897140932919793;-1.1076339113962814;-0.6295221161924494;-0.986371278251802;1.9343562815746544;1.399355452190642;-0.30978082400217977;-0.5889614088054894;0.09880471599919302;-1.3506254661325803;-1.0;4462.0;"cluster_3"
0.7258154592872511;1.6654427040723438;1.94424185502974;0.6449603210086235;1.0177376308135513;1.1524630218160135;1.0107261246283898;-0.8582003221070652;0.9581359755233488;1.2401827791731677;-0.7420467821870099;-0.755710572552594;-0.5344616045076246;1.0;7614.0;"cluster_2"
0.008744764569726029;0.1538032354779224;-0.7937955244634579;-0.8789377070753253;-0.8481873780065343;0.1527461101627622;-0.986371278251802;-0.9379876536408286;1.3592445906754336;-0.559517642921507;-0.4010150098024347;0.576060595243542;-0.49150561179052166;1.0;3608.0;"cluster_3"
1.4428861540047762;1.320426786741923;1.776838664722085;0.8853129022979666;1.5917454980811272;0.26762466088625486;1.0107261246283898;0.09924765629809584;-0.04463556235686296;2.3925048474034463;-0.3472077746039795;0.8487782405260271;0.06692229353181615;1.0;940.0;"cluster_1"
0.008744764569726029;0.26325970627673406;0.4157925013111876;0.6753307619485126;1.0831883012732781;0.2986236348910068;1.0107261246283898;1.2162702977707838;-0.9671853772066579;2.1081106370874485;0.39548364081131765;-0.8238899838732153;0.5823942061370516;1.0;8547.0;"cluster_1"
1.4428861540047762;2.124247744170696;1.1646046361559586;-0.11738033496781622;1.5114313379829136;0.9103975042200826;-0.986371278251802;-1.1773496482421189;1.1185794215841827;2.895159183173153;-0.7662979304454686;0.27152589134476696;-0.8351535535273453;1.0;5422.0;"cluster_2"
0.008744764569726029;0.29301818427516096;0.5826508849787476;2.6669070430204838;-0.2984978691300662;0.3382840869264983;1.0107261246283898;-0.29968900137072124;-0.004524700841654489;0.5363572170757607;-0.42299261291166285;2.1396417615297905;-0.7492415680931395;1.0;9645.0;"cluster_1"
0.7258154592872511;0.3902748192661884;0.2749883601923581;0.2535024368511382;1.1454517757421878;-0.12214185049702367;-0.986371278251802;0.09924765629809584;0.07569702218876245;-0.9367538469006499;-0.15622998206861735;1.612387647316986;-1.0499335171128594;1.0;9006.0;"cluster_2"
0.7258154592872511;2.0398750479299452;1.6039968664620878;1.5028316473165955;0.3957432014434354;1.526730046196916;1.0107261246283898;-1.017774985174592;1.0383576985537657;1.0418574404679877;0.07642947153597063;-0.5511723385907301;1.01195413330808;1.0;2572.0;"cluster_2"
1.4428861540047762;-1.095026686042269;0.005267456171225762;-1.226401147261188;0.07676172399249542;-1.6638849399686586;-0.986371278251802;0.6577589770344398;-0.4056333159937392;0.30699858234058575;-0.7041543630331683;-0.6875311612319729;-0.40559362635631574;1.0;1766.0;"cluster_3"
-0.7083259301477991;-0.9405334381960297;0.2972346313295881;-0.7391108358718446;0.12180026225646177;-1.0124506186040914;-0.986371278251802;-1.4964989743771726;-0.20507900841769686;-0.6825287600615447;-0.6200331925116397;1.8578335280712228;-0.23376965548790393;1.0;2322.0;"cluster_3"
0.008744764569726029;-0.031930713408811075;-0.47183371706428634;-0.5076033699658123;-1.0300051398935133;-0.09478981461047781;1.0107261246283898;0.7375463085682032;1.1988011446145996;0.2489225672012032;0.2802906865836389;0.544243536627252;-1.0928895098299625;1.0;1698.0;"cluster_3"
0.008744764569726029;-1.1996944362436326;-0.46224663355038487;-0.6016188354361336;-0.2557261681951182;-1.6511206565549372;1.0107261246283898;-1.0975623167083555;-0.5660767620545731;0.3813943377890791;-0.40328855495166516;-0.6875311612319729;0.28170225711733093;1.0;10001.0;"cluster_3"
0.008744764569726029;-0.5662151114955104;-0.9357933217972186;0.665894973483713;-0.9865583074402063;-0.8068544821902217;-0.986371278251802;1.7747816185071277;-0.8468527926610324;-0.23622661878864437;-1.0679215869100485;-0.41026822186144607;-0.10490167733659567;1.0;8680.0;"cluster_3"
-0.7083259301477991;0.10044320596350174;0.590611115331253;0.12729100819994907;1.16018432619606;1.0685834450972729;1.0107261246283898;-0.6986256590395383;-0.04463556235686296;0.1278886406669546;-0.3472077746039795;0.8487782405260271;0.06692229353181615;1.0;8127.0;"cluster_1"
0.7258154592872511;-1.0705129972696186;-1.3568531870020815;-1.5221806928167692;-1.0735216047455742;-1.582284699573797;-0.986371278251802;1.3758449608383105;0.19602960673438788;-1.037821315440968;-0.0743823566963193;-0.4648117509179432;0.15283427896602206;1.0;5541.0;"cluster_3"
0.008744764569726029;-1.1887487891637516;0.3330424260878047;-0.38486321572830134;0.6197559263539391;-1.6365329040821128;-0.986371278251802;-0.8582003221070652;-1.488626576904368;1.0834553590712508;2.2870732049710947;-1.4056876271425172;1.956985973084345;1.0;2268.0;"cluster_0"
0.7258154592872511;2.8462043828145243;-0.47695452114323883;-0.6111445089350729;-0.5673054189088954;2.332703370320467;-0.986371278251802;-0.29968900137072124;1.0383576985537657;2.6709508916127273E-4;0.07642947153597063;-0.5511723385907301;1.01195413330808;1.0;3679.0;"cluster_2"
-1.425396624865324;-1.2723233653049275;-1.3632338564362545;-1.598936091612423;-0.9998671780891089;-1.4592005380843405;1.0107261246283898;-1.576286305910936;0.6372490834016811;-0.6297056471952088;0.2833220801159463;-0.7102576316721799;0.7971741697225664;1.0;5033.0;"cluster_3"
0.008744764569726029;-0.4612053098229005;0.4767484192410314;1.1018010070232405;0.4140270042337866;-0.6669032319040621;1.0107261246283898;-0.6188383275057749;-0.004524700841654489;-0.19643396117327608;-0.42299261291166285;2.1396417615297905;-0.7492415680931395;1.0;6985.0;"cluster_1"
0.7258154592872511;-0.10775212286840455;1.4223530359230492;-0.5655150133900531;0.7869289351593889;-0.6199489036321584;-0.986371278251802;1.3758449608383105;0.5570273603712641;-0.31709688168996253;-0.8792173395239168;-0.014827636201842477;-0.5774175972247276;1.0;9790.0;"cluster_1"
-0.7083259301477991;0.3971158486911141;0.6863627740177468;3.3719716711712415;2.64413854102667;1.661666756570542;1.0107261246283898;-1.3369243113096458;1.3592445906754336;4.1462050477840275;-0.4010150098024347;0.576060595243542;-0.49150561179052166;1.0;846.0;"cluster_1"
0.008744764569726029;0.16303862520157214;1.0733514156296973;1.064492297495717;1.6562924611048444;0.16505452631170786;1.0107261246283898;0.17903498783185925;-0.2451898699329053;1.4885848813219964;-0.19033315930707487;-0.13755057657896083;-0.14785767005369863;1.0;1886.0;"cluster_1"
1.4428861540047762;-0.5317819300567176;-0.9372631647116428;-1.1478095256252534;-0.025684185801154457;-1.2134880823702034;1.0107261246283898;-0.9379876536408286;0.8779142524929319;-0.009745542921391449;-0.8201051656439238;0.4351564785142582;-0.2767256482050069;1.0;2580.0;"cluster_3"
1.4428861540047762;-0.5317819300567176;-0.9372120890891338;-1.160782932219405;0.01499021755826422;-1.2134880823702034;1.0107261246283898;-0.9379876536408286;0.8779142524929319;0.022151925661706498;-0.8201051656439238;0.4351564785142582;-0.2767256482050069;1.0;9928.0;"cluster_3"
0.008744764569726029;1.0749478475441716;-0.9496045484615823;0.2539219003437896;-0.13902680912598323;1.3803966542038957;-0.986371278251802;-0.4592636644382481;-1.488626576904368;0.5499079856440413;2.2870732049710947;-1.4056876271425172;1.956985973084345;1.0;4994.0;"cluster_0"
-0.7083259301477991;0.09816286282185983;0.08612584167205545;-0.7373452369869592;-0.47229428143008706;1.064024772449515;1.0107261246283898;1.3758449608383105;-1.3281831308435341;-0.056257029025539945;-0.1638084658993857;0.4124300080740508;-0.14785767005369863;1.0;7184.0;"cluster_3"
0.7258154592872511;1.1883949188408565;1.3064851487269211;0.7045904806808192;-0.1086231845828522;0.6756258628605639;-0.986371278251802;-0.14011433830319442;-1.408404853873951;0.7283075865279494;-0.4116248871655104;-0.5966252794711444;-0.4485496190734187;1.0;6358.0;"cluster_2"
-1.425396624865324;-0.8673344233493244;0.6578209594838584;-0.28782376089513995;-0.0620141329774122;0.16003998639917447;-0.986371278251802;-0.6188383275057749;0.9180251140081404;-0.7257600100348073;-0.5374277187562647;1.007863533607477;-0.6203735899418306;1.0;11359.0;"cluster_3"
-1.425396624865324;-0.9590042176433292;0.9542657642155051;1.4231143226340548;-0.15034283079748761;-0.20647729448054009;-0.986371278251802;-0.14011433830319442;-0.9270745156914494;1.199141369596248;-0.3623647422655162;0.03517059876661309;0.10987828624891911;1.0;5593.0;"cluster_1"
0.7258154592872511;-0.567013231595085;0.6164383551132766;0.7034583572746322;1.323277027809276;-1.079007239261353;1.0107261246283898;0.89712097163573;1.0383576985537657;2.633269654946847;0.07642947153597063;-0.5511723385907301;1.01195413330808;1.0;6289.0;"cluster_1"
1.4428861540047762;0.034313254855886384;-0.44101430810444364;-0.4907028434277033;-0.5674204637416203;-0.7608118884478695;-0.986371278251802;-1.3369243113096458;0.8378033909777234;-1.1971457776658205;-0.8178316204946933;-0.023918224377925325;-0.6633295826589335;1.0;11054.0;"cluster_3"
-0.7083259301477991;-0.5145653393373211;0.2413522252356333;-0.20275185632171105;0.020649363704865625;-0.16089056800296364;-0.986371278251802;1.3758449608383105;-0.2451898699329053;-0.10674099419578185;-0.19033315930707487;-0.13755057657896083;-0.14785767005369863;1.0;544.0;"cluster_3"
-0.7083259301477991;-0.03478114233586346;-0.5536625393927859;0.8611809107513391;-0.07134714503221273;0.7982541570852445;-0.986371278251802;0.6577589770344398;0.5570273603712641;2.1252357319224875;-0.8792173395239168;-0.014827636201842477;-0.5774175972247276;1.0;4851.0;"cluster_1"
0.7258154592872511;2.310779813157004;-0.5289400464087333;-0.7327332786876525;-1.3931486956327925;1.79751520147372;1.0107261246283898;-0.6986256590395383;1.2389120061298082;-0.13757521382610988;-1.0232085323085152;1.5851158827887373;0.10987828624891911;-1.0;1583.0;"cluster_2"
1.4428861540047762;2.4389350977172795;-1.5435440457208927;-1.362174631448944;-1.5382959170887365;1.1620362343763044;-0.986371278251802;-1.576286305910936;-1.3682939923587425;-1.108760380677052;0.1741919129528822;0.6942382415326189;-0.5344616045076246;1.0;4650.0;"cluster_2"
0.008744764569726029;1.0280867959834303;-0.24144293406476514;0.14920797569099298;-0.9271202432381503;1.317942838929616;1.0107261246283898;1.2162702977707838;0.8378033909777234;-1.285834313717719;-0.8178316204946933;-0.023918224377925325;-0.6633295826589335;-1.0;3084.0;"cluster_2"
0.008744764569726029;-0.7016674941090397;-0.08370060317019086;0.31538828285626597;0.46881029395388457;-0.9873779190414244;1.0107261246283898;-1.576286305910936;-1.488626576904368;0.357925944946451;2.2870732049710947;-1.4056876271425172;1.956985973084345;1.0;2143.0;"cluster_0"
-1.425396624865324;-1.1008415610534559;-0.3104082662799004;0.505385983948678;-1.0814612119513858;-0.7735761718615909;-0.986371278251802;0.9769083031694935;1.3592445906754336;0.09286929217997897;-0.4010150098024347;0.576060595243542;-0.49150561179052166;-1.0;9199.0;"cluster_3"
0.008744764569726029;-0.9175019724654464;0.01769964102784801;1.2597782347633428;0.6671309343456787;-1.2750301631149317;1.0107261246283898;-0.29968900137072124;1.5597988982514759;0.9570735165277507;-0.4654321223639656;0.9260482400227312;-0.3626376336392128;1.0;2994.0;"cluster_1"
1.4428861540047762;0.3393091500504917;-0.26331843401637445;-0.5606612215465135;-0.7557163093344658;-0.5169229017928356;1.0107261246283898;-0.4592636644382481;0.3965839143104302;0.17138683399431687;-0.35099701651936366;-0.4920835154461917;0.10987828624891911;1.0;6397.0;"cluster_3"
0.008744764569726029;-0.7266372515100187;-0.22692421544416652;-0.3344098900177886;-0.38607196367233465;-1.0206562293700552;-0.986371278251802;0.09924765629809584;-1.488626576904368;0.4435197478762447;2.2870732049710947;-1.4056876271425172;1.956985973084345;1.0;10762.0;"cluster_0"
0.008744764569726029;-0.6763556852368146;-0.20037245849840457;-0.5739428054005726;0.579008863100168;-0.9536437414480178;1.0107261246283898;1.6949942869733643;-1.0474071002370748;-0.7275335997773001;-0.5828986217408748;0.3578864790175537;0.6683061915712576;1.0;7136.0;"cluster_3"
0.7258154592872511;0.27306518178579425;0.06364878438867404;1.3170071799520946;1.2805060837482272;-0.2392997375443951;1.0107261246283898;0.6577589770344398;0.35647305279522173;0.5611422288343721;0.011254510591362918;-0.7784370429928011;-0.4485496190734187;1.0;8533.0;"cluster_1"
-0.7083259301477991;-0.581379393387429;0.7877895018719013;1.521467811061543;2.1721413810605283;-0.2944596765822626;1.0107261246283898;0.8173336401019666;1.2389120061298082;0.17151804343955238;-1.0232085323085152;1.5851158827887373;0.10987828624891911;1.0;7926.0;"cluster_1"
0.008744764569726029;0.47156905226572243;0.12753682138847552;-0.030221813530432035;0.17951719521104273;0.5762467991394473;-0.986371278251802;-0.3794763329044847;-1.2078505462979086;-0.3404974075781585;1.329152848761977;-0.9466129242503337;0.23874626440022798;1.0;10019.0;"cluster_0"
-0.7083259301477991;-1.2362939436669853;-0.6677484548702687;-1.203938449205725;-1.0029968516635637;-1.6037104610182578;1.0107261246283898;-1.017774985174592;-0.5660767620545731;-1.1033400732497396;-0.40328855495166516;-0.6875311612319729;0.28170225711733093;1.0;4476.0;"cluster_3"
-1.425396624865324;-0.4669061676770052;-0.9376850115197722;-0.017184203340466237;0.3902937093669967;1.7610458202916588;1.0107261246283898;-0.9379876536408286;1.0383576985537657;-1.7251190119023379;0.07642947153597063;-0.5511723385907301;1.01195413330808;1.0;9814.0;"cluster_3"
0.008744764569726029;-0.055532264924804835;-1.107218244455023;-0.14378299368639944;-0.9377081522183309;-0.12624465588000555;-0.986371278251802;0.17903498783185925;1.399355452190642;-0.0034022449138021273;-0.5889614088054894;0.09880471599919302;-1.3506254661325803;-1.0;2236.0;"cluster_3"
0.008744764569726029;-0.8637998914797795;-1.3332846247487866;-1.3434699838684612;-1.0319722551583277;-1.2034590025451366;-0.986371278251802;1.6949942869733643;0.8779142524929319;-0.2501664912290024;-0.8201051656439238;0.4351564785142582;-0.2767256482050069;1.0;10436.0;"cluster_3"
1.4428861540047762;2.3482914578370138;1.7377260880185672;0.5832820666299606;0.4284356126586705;1.0895533392769579;1.0107261246283898;-1.6560736374446994;-1.0474071002370748;0.521295277655458;-0.5828986217408748;0.3578864790175537;0.6683061915712576;1.0;11186.0;"cluster_2"
-1.425396624865324;-0.41605451561839063;-0.9198463774360922;-0.982260553818818;-1.1643472295601183;1.9643626203816498;1.0107261246283898;-1.3369243113096458;-1.488626576904368;-1.1318939632111484;2.2870732049710947;-1.4056876271425172;1.956985973084345;1.0;2106.0;"cluster_0"
0.008744764569726029;-0.6472813101808802;-0.13746053339544073;0.5802666377465624;0.414596930280114;-0.9148950239420779;1.0107261246283898;0.41839698243314954;-1.488626576904368;-0.8728593715346201;2.2870732049710947;-1.4056876271425172;1.956985973084345;1.0;3230.0;"cluster_0"
0.7258154592872511;-0.7093066436335401;-1.12875134856685;-0.7977008972918535;-0.3639402139768984;-1.2212378258713914;-0.986371278251802;0.6577589770344398;-1.488626576904368;-0.8714975079823489;2.2870732049710947;-1.4056876271425172;1.956985973084345;1.0;9024.0;"cluster_0"
0.7258154592872511;-0.7663152221745879;-0.8227251353904695;-0.8856919253549597;-1.0296123223396698;-1.278221233968362;-0.986371278251802;1.0566956347032568;-0.4457441775089477;0.136231751598477;-0.7291633596747037;-1.014792335570955;-0.49150561179052166;1.0;4585.0;"cluster_3"
1.4428861540047762;2.383066690747053;1.9569294179989067;1.09478997436035;0.8866992957182868;1.1173612424282795;1.0107261246283898;0.8173336401019666;-0.7666310696306154;2.1207112682936793;-0.8496612525839203;0.207891774112187;-0.06194568461949271;1.0;1862.0;"cluster_2"
-0.7083259301477991;-0.49130583929257365;-0.3444511145269742;0.16201873317574936;0.36584138429567675;-0.11439210699583569;-0.986371278251802;-0.9379876536408286;-1.1677396847827002;-0.7013912489300463;-0.4730106061947339;0.20334648002414568;1.1837781041764919;1.0;8039.0;"cluster_3"
0.008744764569726029;-1.1624108258777874;-1.2909278001710898;-1.2495123016343725;-1.2425073265403392;-1.6014311246943789;1.0107261246283898;0.8173336401019666;-0.8869636541762409;-0.13152600595439343;-0.8307150430069995;-0.9011599833699195;-0.6203735899418306;1.0;6688.0;"cluster_3"
1.4428861540047762;1.1180463329212036;-0.6599792851797412;-0.8848851001675634;0.09319345635075688;0.1057917818908585;1.0107261246283898;-0.4592636644382481;-1.0072962387218662;1.5538502691675549;-0.7011229695008608;-0.11936940022679533;0.06692229353181615;1.0;501.0;"cluster_2"
1.4428861540047762;2.1550323765828616;1.1671186917972325;0.5034769970331412;1.7754176010218938;0.9350143365179738;-0.986371278251802;1.2162702977707838;1.0383576985537657;0.21909730296009955;0.07642947153597063;-0.5511723385907301;1.01195413330808;1.0;7795.0;"cluster_2"
-1.425396624865324;-0.5617684423693087;2.5866729266369886;1.4946414086105877;2.1878071570324904;1.3817642559982228;1.0107261246283898;1.5354196239058375;1.2790228676450166;0.0642249129459942;0.49551962737745975;1.9214676453038022;-1.7372294005865063;1.0;9422.0;"cluster_1"
-1.425396624865324;-0.5617684423693087;2.586712652121162;1.510437633300696;2.1141201847983453;1.3817642559982228;1.0107261246283898;1.5354196239058375;1.2790228676450166;-0.09398200676254267;0.49551962737745975;1.9214676453038022;-1.7372294005865063;1.0;2062.0;"cluster_1"
0.008744764569726029;0.450703912519699;0.7292530550972037;1.453140204276409;1.20351838443834;0.5484388959881257;-0.986371278251802;-0.29968900137072124;0.9581359755233488;-0.6306603090208874;-0.7420467821870099;-0.755710572552594;-0.5344616045076246;1.0;4447.0;"cluster_1"
-0.7083259301477991;-0.729373663279989;0.5641444844230061;0.4877043136614983;-0.3720584434229926;-0.5903175314217336;-0.986371278251802;-1.2571369797758822;-0.04463556235686296;-0.8147743074679803;-0.3472077746039795;0.8487782405260271;0.06692229353181615;1.0;3754.0;"cluster_3"
-1.425396624865324;-0.5403332168378747;0.6956774542116005;1.2562085148360835;2.1405699000904606;1.4674673017760667;1.0107261246283898;1.2162702977707838;0.07569702218876245;1.68624964833737;-0.15622998206861735;1.612387647316986;-1.0499335171128594;1.0;132.0;"cluster_1"
-0.7083259301477991;-0.3344182311476103;1.3535125552296026;1.2894531367485802;2.4662867983730985;0.1992445711698902;-0.986371278251802;-0.21990166983695786;0.5971382218864726;4.249380916375371;-0.9724326906423674;0.016989422414447394;-0.9640215316786536;1.0;5001.0;"cluster_1"
-0.7083259301477991;-0.33419019683344614;-0.3092902776538713;0.0791040694216711;0.346315551436237;0.19970043843466595;1.0107261246283898;0.17903498783185925;-1.488626576904368;-0.04485990514457197;2.2870732049710947;-1.4056876271425172;1.956985973084345;1.0;6434.0;"cluster_0"
1.4428861540047762;1.2446053772823296;-1.4779175458660645;-1.411465872075223;-1.0845537987047646;0.20699431467107818;-0.986371278251802;-1.2571369797758822;1.0383576985537657;-0.6406593736405536;0.07642947153597063;-0.5511723385907301;1.01195413330808;1.0;5263.0;"cluster_2"
1.4428861540047762;2.0375947047883036;-0.7281425409525139;-0.6991376771180395;-1.0917160964157842;0.8411056799741664;-0.986371278251802;-1.4964989743771726;0.19602960673438788;-0.0804719583669214;-0.0743823566963193;-0.4648117509179432;0.15283427896602206;1.0;4948.0;"cluster_2"
1.4428861540047762;1.6710295447693666;1.0241807246713623;1.4154334324548385;-0.5350671320333638;0.5479830287233499;-0.986371278251802;1.9343562815746544;-0.9671853772066579;-0.20606654423900883;0.39548364081131765;-0.8238899838732153;0.5823942061370516;1.0;3115.0;"cluster_2"
0.7258154592872511;-0.9419016440810148;-0.449822015452653;0.09721162356108365;-0.8633263697444408;-1.4537301309070314;-0.986371278251802;-0.4592636644382481;0.9581359755233488;-0.13631741293730137;-0.7420467821870099;-0.755710572552594;-0.5344616045076246;1.0;9548.0;"cluster_3"
0.7258154592872511;2.619538274535319;-0.0954555631061386;0.0044566886885776015;-0.6316291041322588;2.1061373397269123;-0.986371278251802;0.5779716455006764;-0.9671853772066579;-0.4782356538299673;0.39548364081131765;-0.8238899838732153;0.5823942061370516;1.0;10297.0;"cluster_2"
-1.425396624865324;-0.6953965504695245;1.5824032282791394;0.5148303328929192;2.857074416417913;0.8474878216810271;1.0107261246283898;0.6577589770344398;0.5570273603712641;2.5741349153183233;-0.8792173395239168;-0.014827636201842477;-0.5774175972247276;1.0;7859.0;"cluster_1"
0.008744764569726029;0.7883087146397836;-0.5216967664610758;-0.5733307311204789;0.4551797518976926;0.9983798863218051;-0.986371278251802;-0.060327006769431;-1.488626576904368;0.5415739236397766;2.2870732049710947;-1.4056876271425172;1.956985973084345;1.0;9510.0;"cluster_0"
0.7258154592872511;0.3547014662565746;-0.03767200884101757;0.2919475500245697;-0.8533802898310406;-0.1576994971495333;1.0107261246283898;1.455632292372074;0.9581359755233488;-0.8071505862534384;-0.7420467821870099;-0.755710572552594;-0.5344616045076246;1.0;1250.0;"cluster_3"
-1.425396624865324;-0.7957316487017685;1.125649069699413;0.0029350634677853442;-0.23347407554966032;0.4463246286783545;-0.986371278251802;1.3758449608383105;-0.2853007314481138;-0.9812157509809483;-0.44951730631935205;0.3078882440490983;-0.5774175972247276;1.0;2153.0;"cluster_3"
0.7258154592872511;0.32323273090191623;0.16748174156991658;0.06475670587709964;-0.41155439412088146;-0.18915433841906104;-0.986371278251802;-1.017774985174592;0.6372490834016811;-0.2562337969552345;0.2833220801159463;-0.7102576316721799;0.7971741697225664;1.0;4981.0;"cluster_2"
0.7258154592872511;0.09793482850769564;-0.423960725255623;0.36515891033128994;-0.6380133354745868;-0.4143527672182886;1.0107261246283898;0.09924765629809584;-1.1276288232674918;-0.7823203298585389;0.4553536630743875;-1.3556893921740616;0.8401301624396682;1.0;3021.0;"cluster_0"
1.4428861540047762;2.5871574019240033;-1.3171333778976244;-0.2189632642647496;0.10508545905978545;1.280561723218003;-0.986371278251802;-0.7784129905733018;0.6773599449168896;0.7646616517854234;-0.5912349539547199;-0.49662880953423305;-0.4485496190734187;1.0;10520.0;"cluster_2"
-0.7083259301477991;-0.20808722110064856;-1.2214422532822522;-0.4315221089262057;-0.46088062302554583;0.4517950358556636;-0.986371278251802;-0.29968900137072124;0.03558616067355398;-1.5103065277337815;0.699380842425128;2.671441169830637;-1.3506254661325803;1.0;10411.0;"cluster_3"
0.7258154592872511;0.09793482850769564;-0.8099505546940653;-0.9667468249502918;-0.12858497680840722;-0.4143527672182886;1.0107261246283898;-0.8582003221070652;1.3592445906754336;0.8576620016755764;-0.4010150098024347;0.576060595243542;-0.49150561179052166;1.0;9030.0;"cluster_3"
1.4428861540047762;0.7303879988420791;-0.06381705249643023;0.22755990390255537;0.800557963467782;-0.20419795815666125;-0.986371278251802;1.6949942869733643;-0.3655224544785307;0.8072006588234785;-0.5154501156470366;0.03517059876661309;-0.3626376336392128;-1.0;3189.0;"cluster_2"
0.7258154592872511;-0.9528472911608961;-0.25072356384361283;0.213805353559333;-0.5996648056083481;-1.4646709452616498;1.0107261246283898;0.25882231936562267;1.2790228676450166;-0.15173678498427962;0.49551962737745975;1.9214676453038022;-1.7372294005865063;1.0;8972.0;"cluster_3"
0.008744764569726029;-0.280260081533615;0.4583668702069784;0.27499566060980934;0.8189265361348774;-0.42574944883768273;-0.986371278251802;0.5779716455006764;-0.8869636541762409;0.006338925279021771;-0.8307150430069995;-0.9011599833699195;-0.6203735899418306;1.0;10963.0;"cluster_1"
-0.7083259301477991;-0.15107864255960082;-0.37888743423633947;-0.9801225740782115;-1.1873637648440765;0.5657618520496047;1.0107261246283898;-0.14011433830319442;1.1586902830993913;-0.7935229018034681;-1.0709529804423559;1.376032354738832;-0.5344616045076246;1.0;11362.0;"cluster_3"
