account_id;duration;amount;credits_mean;withdrawals_mean;balances_monthly_2;average_balance_monthly;payment_monthly;gender;client_age;district_id;last_balance;district_average_salary;district_unemployment_rate;enterpreneur_ratio;credits_cash_mean;credits_another_bank_mean;credits_interest_mean;withdrawal_another_bank_mean;withdrawal_cash_mean;withdrawal_credit_card_mean
1787;12;96396;5025.0;0.0;5025.0;12250.0;8033.0;1;45;30;20100.0;9650;3.67;0.1;5025.0;0.0;0.0;0.0;0.0;0.0
1801;36;165960;14708.7;6056.51;8652.19;49304.45;4610.0;0;24;46;52208.9;8369;2.31;0.117;19087.5833333;0.0;168.54;2682.375;14254.38;0.0
9188;60;127080;5446.59;5329.81;116.79;21940.18;2118.0;0;57;45;20272.8;8390;2.89;0.132;2250.0;13981.0;92.625;2824.33333333;7733.33333333;0.0
1843;36;105804;9408.56;6780.55;2628.01;28803.84;2939.0;1;53;14;34292.7;10045;1.71;0.135;2450.0;19101.3333333;160.36;6994.0;7202.92;0.0
11013;60;274740;19780.51;17632.75;2147.76;41755.73;4579.0;0;14;63;41142.9;8288;4.52;0.11;600.0;45764.3333333;190.183333333;6584.66666667;19587.2727273;0.0
8261;24;87840;5878.07;11760.0;-5881.93;51021.84;3660.0;1;13;13;43847.8;8598;3.26;0.123;1300.0;24703.75;154.1;0.0;19600.0;0.0
11265;12;52788;4027.18;2629.03;1398.15;20007.19;4399.0;0;20;15;21029.0;9045;3.6;0.124;6410.92857143;0.0;90.2571428571;1556.5;4064.55714286;0.0
5428;24;174744;12182.0;10287.25;1894.75;42204.07;7281.0;1;45;24;58140.9;8991;2.01;0.128;19377.2727273;0.0;169.52;0.0;10260.2714286;0.0
10973;48;154416;8985.37;7431.94;1553.43;45594.5;3217.0;1;24;18;53402.7;8968;3.35;0.131;18162.2;0.0;153.633333333;0.0;7287.14285714;0.0
4894;24;117024;11919.35;13040.0;-1120.65;34083.48;4876.0;0;58;14;53193.5;10045;1.71;0.135;800.0;29255.0;143.375;0.0;16300.0;0.0
10364;36;21924;7633.44;4031.9;3601.54;29506.25;609.0;0;33;55;49083.3;8743;2.43;0.111;13123.0416667;0.0;123.333333333;6262.0;4115.42105263;0.0
5270;24;79608;24900.53;12973.6;11926.93;73633.88;3317.0;0;23;44;103745.7;8254;3.76;0.097;800.0;46783.0909091;286.84;0.0;12885.2714286;0.0
6034;60;464520;15123.68;10275.69;4847.99;48397.57;7742.0;1;52;77;101797.3;8909;5.56;0.113;22516.0454545;0.0;194.366666667;0.0;10339.6428571;0.0
6701;36;95400;10640.12;8768.66;1871.46;41887.91;2650.0;0;22;5;27667.0;9307;4.43;0.118;19703.7692308;0.0;155.111111111;0.0;8873.04347826;0.0
2705;36;93888;6043.7;5695.83;347.86;39499.88;2608.0;1;43;63;34716.3;8288;4.52;0.11;3000.0;15649.0;154.28;0.0;7185.71428571;0.0
7123;12;47016;10561.54;8878.63;1682.91;56003.13;3918.0;1;35;46;58773.2;8369;2.31;0.117;20371.3571429;0.0;185.55;14581.0;10940.0;0.0
10320;60;259740;15349.46;9145.22;6204.24;40014.62;4329.0;0;14;68;67219.5;9893;4.72;0.096;800.0;28570.4;195.375;12414.0;10800.0;0.0
9034;12;38148;9834.61;8828.41;1006.19;31727.73;3179.0;1;28;1;47725.8;12541;0.43;0.167;1350.0;23621.0;79.55;5887.0;10985.7666667;0.0
9236;12;86616;6128.61;4260.0;1868.61;22305.36;7218.0;0;32;11;37253.1;9622;0.59;0.154;9696.16666667;0.0;62.7;0.0;7100.0;0.0
10266;24;75624;12065.25;14476.19;-2410.94;47965.77;3151.0;0;35;54;41954.8;9897;1.96;0.14;28896.3333333;0.0;197.444444444;0.0;16650.0;0.0
2;24;80952;10081.92;7442.26;2639.65;28947.97;3373.0;0;48;1;27855.2;12541;0.43;0.167;2400.0;22259.6;128.93;7266.0;4861.98333333;0.0
7401;24;80952;10082.31;7416.09;2666.21;29027.99;3373.0;0;48;1;28763.7;12541;0.43;0.167;2400.0;22259.6;129.79;7266.0;4824.48333333;0.0
2486;12;24516;18173.04;11817.44;6355.61;43928.69;2043.0;0;35;1;78670.8;12541;0.43;0.167;29948.2857143;0.0;177.1;0.0;12573.2363636;0.0
1071;60;253200;9889.57;12867.38;-2977.8;53228.7;4220.0;1;43;52;81150.6;8363;3.49;0.108;21774.2307692;0.0;214.2125;0.0;9632.35294118;0.0
8475;24;21072;3262.68;1660.0;1602.69;19480.88;878.0;1;29;17;30867.0;8114;2.62;0.119;5530.57142857;0.0;75.5166666667;0.0;4150.0;0.0
11111;36;108144;10421.29;10629.34;-208.05;50546.99;3004.0;1;30;59;21921.3;8444;3.47;0.106;25688.0666667;0.0;200.5;4736.0;12945.6769231;0.0
1603;12;78936;3830.32;1988.74;1841.58;26348.41;6578.0;1;37;31;24601.0;8930;4.2;0.108;6293.93333333;0.0;110.666666667;1707.88888889;3079.61111111;0.0
1166;48;149040;9158.88;6337.89;2820.99;29463.77;3105.0;1;25;11;19048.1;9622;0.59;0.154;1200.0;20701.0;135.844444444;4397.0;5239.74074074;0.0
8073;12;49320;10242.02;10450.2;-208.18;45288.02;4110.0;1;48;24;15673.6;8991;2.01;0.128;22108.9166667;0.0;192.92;6131.0;8670.0;0.0
10940;36;197748;12633.43;12958.33;-324.9;34526.22;5493.0;1;23;13;43294.5;8598;3.26;0.123;19341.7142857;0.0;150.65;0.0;18540.0;0.0
5313;60;300660;14069.98;6956.02;7113.95;29444.47;5011.0;0;44;40;33918.9;9317;7.07;0.097;23797.9333333;0.0;143.777777778;2638.66666667;10487.4230769;0.0
11135;36;182628;6998.22;6200.0;798.22;28956.48;5073.0;0;34;75;45660.9;8819;5.66;0.099;12685.1666667;0.0;137.475;0.0;10333.3333333;0.0
2694;12;91632;8357.75;5057.45;3300.3;41308.78;7636.0;1;31;52;33061.9;8363;3.49;0.108;15673.7333333;0.0;172.383333333;3532.0;5024.48;0.0
7753;24;51696;14037.5;11065.15;2972.35;57215.26;2154.0;1;26;74;38202.2;10673;5.44;0.1;23392.7096774;0.0;222.453846154;0.0;12483.5688889;2940.0
7445;24;55368;8289.98;6504.05;1785.93;40465.59;2307.0;1;54;64;12414.4;9624;2.31;0.145;17160.44;0.0;164.436363636;0.0;6775.53846154;0.0
7485;24;91200;11348.65;9391.19;1957.46;29075.68;3800.0;1;38;39;32715.3;10446;9.4;0.09;566.666666667;24223.875;122.571428571;10279.0;7280.29230769;0.0
8330;24;7656;8125.91;6972.95;1152.95;36141.52;319.0;1;31;48;36353.1;9060;2.44;0.124;19681.0;0.0;151.145454545;3708.0;5752.49189189;0.0
6555;36;212400;12857.14;9764.32;3092.81;46648.19;5900.0;1;27;38;64221.1;8965;8.23;0.104;22689.3157895;0.0;184.933333333;0.0;9280.27027027;0.0
10079;60;167100;14996.77;10748.77;4248.0;67847.75;2785.0;1;24;62;39310.2;8544;1.86;0.109;26495.0454545;0.0;263.109090909;0.0;11363.8604651;0.0
5385;60;149340;7340.85;5042.05;2298.8;24523.85;2489.0;0;31;44;23568.3;8254;3.76;0.097;2733.33333333;16429.6;107.93;8754.0;3660.76923077;0.0
5891;12;65184;17449.11;10641.19;6807.92;39497.44;5432.0;0;36;3;67995.4;8980;2.21;0.111;900.0;34766.9333333;176.678571429;0.0;8444.70833333;0.0
10131;36;215388;3560.97;5083.33;-1522.36;27495.15;5983.0;0;34;39;30662.8;10446;9.4;0.09;20156.6666667;0.0;98.9857142857;0.0;6100.0;0.0
8321;60;89040;3513.49;2996.92;516.57;32505.99;1484.0;1;24;77;29305.8;8909;5.56;0.113;8964.88888889;0.0;114.515384615;7041.0;2248.89714286;0.0
5256;36;193968;11856.92;15675.0;-3818.08;40956.34;5388.0;0;21;72;80780.0;8994;4.79;0.11;23718.8333333;0.0;194.25;0.0;22822.2222222;0.0
813;12;24312;5469.26;3929.2;1540.06;27954.76;2026.0;1;38;16;28461.9;8427;1.54;0.107;1557.14285714;12964.2666667;126.426666667;0.0;2762.79444444;0.0
2933;60;272520;10868.5;7670.13;3198.37;37865.22;4542.0;0;54;10;30009.9;10124;0.54;0.141;20259.7826087;0.0;156.418181818;5907.0;8635.18285714;0.0
8173;12;80340;20754.59;12790.12;7964.48;64330.72;6695.0;1;18;1;89342.6;12541;0.43;0.167;5100.0;42882.0;291.744444444;0.0;11824.0357143;0.0
9833;12;97632;25690.01;15290.7;10399.31;36765.79;8136.0;1;25;21;41330.1;9104;2.07;0.123;1100.0;51256.8;177.355555556;6223.0;11528.1612903;0.0
7769;48;196080;13644.22;7444.76;6199.46;59177.11;4085.0;0;35;23;86857.4;8624;2.66;0.102;22167.5384615;0.0;193.485714286;0.0;7286.375;0.0
6473;12;76908;13502.92;11158.18;2344.74;44282.31;6409.0;1;48;4;14888.6;9753;5.05;0.109;25525.7307692;0.0;195.54375;0.0;10566.8307692;0.0
7454;48;63312;2591.1;1291.5;1299.6;22098.31;1319.0;1;38;31;28553.5;8930;4.2;0.108;4157.56521739;0.0;92.7666666667;1334.52941176;1516.56;0.0
6930;24;25944;13355.0;8131.89;5223.11;60904.73;1081.0;1;34;41;69398.9;9832;4.48;0.114;20984.8636364;0.0;237.9875;0.0;9074.35555556;0.0
173;12;104808;9389.93;6437.36;2952.57;28867.14;8734.0;0;54;66;28015.4;8512;4.12;0.102;16147.8571429;0.0;122.2;2152.0;6841.46;0.0
8051;48;208320;12645.23;8412.91;4232.31;38254.94;4340.0;1;26;31;44183.1;8930;4.2;0.108;1200.0;27776.0;187.68;0.0;7055.0;0.0
10439;24;151560;15503.71;18538.38;-3034.67;39556.25;6315.0;0;41;66;21323.2;8512;4.12;0.102;300.0;41047.5;195.716666667;10134.0;15642.92;0.0
9337;24;52128;5527.32;6007.05;-479.73;39199.28;2172.0;1;34;11;58844.8;9622;0.59;0.154;18473.6923077;0.0;130.411538462;0.0;4819.82068966;0.0
4576;36;300204;9474.32;5561.11;3913.21;37708.64;8339.0;0;30;57;33947.4;8720;4.5;0.116;16575.3333333;0.0;154.966666667;0.0;4921.74545455;0.0
8027;12;77640;16669.74;10656.8;6012.94;53176.03;6470.0;0;26;27;30825.8;8561;1.29;0.11;1400.0;40758.9;269.79;0.0;9481.21212121;0.0
5927;48;87216;3321.03;4009.02;-688.0;23813.64;1817.0;0;30;15;21705.9;9045;3.6;0.124;1800.0;11812.6666667;104.358333333;0.0;4793.56363636;0.0
6273;24;87360;6260.68;7583.49;-1322.81;32050.23;3640.0;0;31;38;29057.9;8965;8.23;0.104;22521.5;0.0;158.42;0.0;7656.09230769;0.0
11065;48;69360;6794.69;4040.09;2754.6;29249.9;1445.0;0;52;46;38665.0;8369;2.31;0.117;11923.8823529;0.0;128.935714286;0.0;3528.63829787;0.0
8558;60;288360;7270.87;5300.0;1970.87;21732.53;4806.0;0;58;1;43450.3;12541;0.43;0.167;16118.5;0.0;44.1;0.0;10600.0;0.0
5442;24;174744;10801.31;5254.18;5547.13;26880.99;7281.0;1;15;5;6930.8;9307;4.43;0.118;18999.7826087;0.0;108.833333333;3732.33333333;6494.6;0.0
1811;60;239460;13860.05;9222.61;4637.44;34306.82;3991.0;1;51;68;36240.6;9893;4.72;0.096;300.0;26605.6666667;153.9875;5475.5;7960.96842105;0.0
7844;24;91584;19148.2;15175.68;3972.52;38021.53;3816.0;1;42;33;49842.9;8705;7.61;0.116;1000.0;36499.5714286;161.366666667;0.0;12844.1;0.0
4260;60;244560;13601.44;10192.86;3408.57;30576.73;4076.0;1;26;58;21326.1;8757;3.95;0.096;1033.33333333;27509.75;147.557142857;12006.0;7677.7375;0.0
3354;12;4980;5088.19;2660.85;2427.33;30099.26;415.0;1;41;63;22500.3;8288;4.52;0.11;9151.63636364;0.0;128.725;1573.9;3732.84705882;0.0
2762;24;111384;18730.57;10638.96;8091.6;67232.02;4641.0;0;27;11;52318.9;9622;0.59;0.154;26927.5128205;0.0;243.0125;3812.5;12864.6830769;0.0
6051;36;276660;3574.42;2663.26;911.16;18984.18;7685.0;0;45;56;19783.2;8772;4.98;0.126;5532.15;0.0;72.8;0.0;3270.98571429;0.0
9265;12;39576;7263.21;8082.88;-819.67;47221.11;3298.0;1;14;32;23901.1;9272;3.22;0.118;22967.7619048;0.0;170.5125;6874.04347826;7840.38974359;0.0
5228;24;173808;26795.32;14209.42;12585.89;48909.3;7242.0;1;37;77;94431.9;8909;5.56;0.113;1000.0;53502.6923077;254.408333333;0.0;12873.8095238;0.0
2824;60;50460;8401.34;4986.79;3414.55;30491.88;841.0;1;46;11;41531.0;9622;0.59;0.154;14286.3636364;0.0;133.05;7289.0;4223.07368421;0.0
426;60;252060;13679.98;8243.18;5436.79;42472.8;4201.0;1;28;60;70096.5;8441;4.48;0.115;20438.8421053;0.0;182.357142857;4191.5;11224.8947368;0.0
4937;24;143904;11825.66;6724.86;5100.81;49632.98;5996.0;0;43;50;38336.2;8187;5.45;0.094;21829.4666667;0.0;193.252941176;1743.5;8669.0;0.0
790;48;208128;9966.55;7555.68;2410.86;39478.94;4336.0;0;42;54;81474.6;9897;1.96;0.14;21316.375;0.0;140.338461538;0.0;7071.08235294;0.0
10911;36;131292;11845.01;7211.28;4633.72;31011.81;3647.0;0;40;1;31361.3;12541;0.43;0.167;1600.0;24226.5;138.953846154;7312.0;5452.79069767;0.0
8129;36;74736;11155.88;6905.99;4249.9;33463.3;2076.0;0;28;45;33243.7;8390;2.89;0.132;20662.0;0.0;148.725;6184.0;6313.23636364;0.0
2176;36;299088;16196.65;8147.56;8049.1;47283.34;8308.0;1;27;67;19448.5;8110;6.55;0.109;24554.4545455;0.0;189.407692308;3110.0;13134.5958333;0.0
9093;60;189300;6288.11;5192.45;1095.65;26513.34;3155.0;0;40;58;24552.0;8757;3.95;0.096;16893.0;0.0;108.746153846;1964.0;5076.46190476;0.0
5215;12;14628;8060.43;4139.03;3921.4;30701.46;1219.0;1;45;55;34917.4;8743;2.43;0.111;14026.125;0.0;136.784615385;1616.42424242;3448.785;0.0
9403;36;120888;10333.44;8076.57;2256.87;36869.6;3358.0;1;50;1;52014.4;12541;0.43;0.167;22375.3333333;0.0;171.84;3225.0;7449.77272727;0.0
9104;48;172080;9490.84;10494.79;-1003.94;56030.09;3585.0;1;37;10;58209.4;10124;0.54;0.141;22139.8333333;0.0;166.992307692;0.0;12347.4;0.0
5120;48;323472;10370.04;7596.0;2774.04;37800.92;6739.0;1;53;1;72386.4;12541;0.43;0.167;20364.5789474;0.0;187.811111111;3008.0;11409.38;0.0
8519;12;74688;12778.23;11162.29;1615.94;48644.13;6224.0;1;49;23;28933.3;8624;2.66;0.102;1100.0;40847.1875;209.23125;13711.0;9044.15319149;0.0
10788;12;45768;5775.95;4900.0;875.95;30489.5;3814.0;1;17;72;54427.5;8994;4.79;0.11;10231.2;0.0;92.9666666667;0.0;9800.0;0.0
8260;36;224604;20382.96;13286.45;7096.51;44396.56;6239.0;0;18;31;40287.4;8930;4.2;0.108;200.0;40738.0;212.84375;0.0;11705.504;0.0
4259;24;79632;27353.17;18161.6;9191.57;72417.98;3318.0;1;35;66;99262.5;8512;4.12;0.102;900.0;48521.0;239.375;9516.0;29040.0;0.0
10105;24;121896;14475.08;10840.69;3634.39;39392.71;5079.0;0;29;55;41917.2;8743;2.43;0.111;26381.625;0.0;200.706666667;0.0;10615.5617021;0.0
3050;12;82896;20315.9;10216.11;10099.78;53691.86;6908.0;0;22;49;64300.6;8208;2.26;0.155;3650.0;45589.6;257.04;3292.0;9424.17916667;1700.0
3674;12;23628;9423.8;9070.12;353.68;49739.36;1969.0;0;40;38;64096.3;8965;8.23;0.104;18527.5806452;0.0;169.733333333;9503.0;8067.86808511;0.0
5481;48;209184;19659.16;12752.4;6906.76;36970.89;4358.0;0;41;1;44254.7;12541;0.43;0.167;1000.0;39232.3076923;167.216666667;0.0;10984.6526316;0.0
9307;12;41904;6108.56;5122.08;986.48;32952.8;3492.0;0;20;70;39204.7;10177;7.75;0.081;19070.9230769;0.0;116.291891892;3694.5;6228.67391304;0.0
4427;12;87816;4898.5;3684.31;1214.2;21243.07;7318.0;0;33;1;15665.6;12541;0.43;0.167;7295.7037037;0.0;105.9;5005.0;3992.0625;0.0
3834;12;23052;6782.82;2979.38;3803.44;23261.47;1921.0;1;53;54;28531.7;9897;1.96;0.14;11093.4827586;0.0;101.147368421;1710.85245902;3076.43548387;0.0
7824;24;189696;4500.0;0.0;4500.0;14900.0;7904.0;1;24;60;22500.0;8441;4.48;0.115;4500.0;0.0;0.0;0.0;0.0;0.0
8566;36;230220;5918.52;5733.9;184.62;20563.72;6395.0;1;51;74;6325.5;10673;5.44;0.1;17419.9411765;0.0;84.1333333333;4943.94736842;7578.52608696;0.0
7965;12;71460;11775.83;7491.82;4284.01;46061.01;5955.0;0;49;55;53022.0;8743;2.43;0.111;21751.0;0.0;208.4375;7268.0;8392.13333333;0.0
5952;24;141240;18742.66;7763.25;10979.41;62619.93;5885.0;0;32;50;45871.6;8187;5.45;0.094;950.0;38028.3076923;265.041666667;2432.88235294;8489.35555556;0.0
6040;24;11736;10723.94;5679.61;5044.34;34370.27;489.0;0;56;1;26984.4;12541;0.43;0.167;21684.4210526;0.0;157.2;3034.26315789;4616.77627119;0.0
4448;36;192744;7446.67;5911.98;1534.7;30085.07;5354.0;1;23;60;29019.1;8441;4.48;0.115;15936.4210526;0.0;156.15;0.0;6237.07692308;0.0
8982;36;227880;6131.12;7807.06;-1675.94;38932.31;6330.0;1;38;64;53716.6;9624;2.31;0.145;17232.6190476;0.0;145.0125;0.0;8290.57222222;0.0
6363;12;17508;6661.49;3740.7;2920.79;36028.39;1459.0;0;48;12;48027.0;8754;4.31;0.137;11542.3529412;0.0;152.364285714;0.0;3666.48780488;0.0
1012;24;98184;11870.66;7675.0;4195.66;51282.35;4091.0;1;49;65;68956.1;8403;5.72;0.105;500.0;24545.0;162.7;0.0;10233.3333333;0.0
2167;24;170256;12211.64;8134.19;4077.45;34100.89;7094.0;1;29;16;43302.8;8427;1.54;0.107;20523.3333333;0.0;167.253846154;5922.0;7474.20555556;0.0
5622;12;83016;19816.29;10426.15;9390.14;70712.26;6918.0;0;15;57;93620.2;8720;4.5;0.116;29188.4130435;0.0;269.633333333;3450.0;12782.8904762;0.0
5991;48;61056;8264.4;5030.52;3233.87;32310.85;1272.0;1;37;57;33525.3;8720;4.5;0.116;16323.0;0.0;142.681818182;3106.5;4366.97241379;0.0
290;48;123696;10906.08;7701.0;3205.07;43566.66;2577.0;0;54;56;25187.2;8772;4.98;0.126;23625.0;0.0;216.68;2963.5;7274.48333333;0.0
6148;24;59760;10767.42;7223.94;3543.49;35429.02;2490.0;0;35;74;41133.1;10673;5.44;0.1;20249.9166667;0.0;153.68;7847.0;6080.28148148;0.0
7133;36;48672;2455.01;957.23;1497.77;21057.6;1352.0;1;46;55;23110.0;8743;2.43;0.111;4136.04761905;0.0;92.8076923077;724.5;1439.68148148;0.0
8041;36;140400;7854.24;10108.97;-2254.73;43471.25;3900.0;0;53;74;28271.8;10673;5.44;0.1;28742.3333333;0.0;212.592307692;0.0;10137.9565217;0.0
1106;24;192552;5060.48;4650.97;409.51;25028.62;8023.0;1;30;20;22225.5;8547;3.64;0.12;13074.5;0.0;104.742857143;0.0;5086.08695652;0.0
1527;36;164052;10841.9;10671.43;170.47;43805.72;4557.0;1;19;31;20811.2;8930;4.2;0.108;24513.9375;0.0;165.308333333;0.0;9350.01333333;0.0
1978;36;205200;16105.85;8627.1;7478.75;50847.58;5700.0;1;31;1;54586.0;12541;0.43;0.167;1900.0;36213.8823529;241.652941176;4419.0;6945.96153846;0.0
4337;24;51408;11518.99;9648.56;1870.44;39645.82;2142.0;0;45;29;49198.8;8843;3.6;0.113;23765.7894737;0.0;182.975;0.0;11671.5096774;0.0
2345;60;199680;9849.27;6718.8;3130.47;28659.01;3328.0;0;45;52;19938.6;8363;3.49;0.108;400.0;21505.1538462;128.892307692;3612.0;5797.92121212;0.0
10451;60;482940;5474.97;3860.71;1614.27;24111.42;8049.0;1;18;1;18439.4;12541;0.43;0.167;10386.5;0.0;103.83;2654.23529412;4112.015;0.0
6425;12;36684;6548.25;3935.72;2612.53;26808.98;3057.0;1;16;70;35093.0;10177;7.75;0.081;10438.8;0.0;121.14;0.0;3739.91466667;0.0
6226;60;398640;22267.47;14111.47;8156.0;49209.45;6644.0;1;34;74;59316.9;10673;5.44;0.1;400.0;43379.2352941;224.3;0.0;13001.1764706;0.0
344;60;100980;8316.49;3689.6;4626.89;32786.39;1683.0;0;29;54;48637.7;9897;1.96;0.14;13736.4;0.0;138.3;4739.0;3468.14117647;0.0
2962;12;31248;11532.09;10379.02;1153.07;50975.82;2604.0;1;55;1;53922.3;12541;0.43;0.167;25856.3333333;0.0;246.1;0.0;11304.5114754;0.0
10738;36;115992;7323.86;4327.52;2996.34;25460.59;3222.0;0;57;31;9669.5;8930;4.2;0.108;15288.5;0.0;97.325;4114.0;4339.55555556;0.0
3747;12;76380;4647.43;2971.74;1675.68;24499.46;6365.0;1;37;1;23156.6;12541;0.43;0.167;7597.16666667;0.0;96.65;1905.33333333;3532.18461538;0.0
7523;36;288468;6093.55;9400.0;-3306.45;29269.44;8013.0;1;36;63;48665.3;8288;4.52;0.11;15891.5;0.0;61.4375;0.0;15666.6666667;0.0
3166;48;177744;7870.64;4248.57;3622.07;22822.91;3703.0;0;22;59;14230.7;8444;3.47;0.106;15468.1428571;0.0;120.766666667;0.0;4242.30727273;0.0
6118;36;270648;10037.14;10868.68;-831.54;57490.33;7518.0;0;57;1;50996.5;12541;0.43;0.167;30479.8125;0.0;216.48;0.0;12250.2777778;0.0
816;24;48624;12138.57;9725.95;2412.62;56582.91;2026.0;0;33;40;47993.6;9317;7.07;0.097;22890.125;0.0;240.529411765;4514.0;11473.1169811;0.0
9640;24;76416;8962.7;5284.7;3678.0;36538.2;3184.0;0;57;1;12262.9;12541;0.43;0.167;3361.53846154;20842.9090909;146.763636364;7342.0;3472.88301887;0.0
6715;60;137880;7155.16;4747.33;2407.83;22148.85;2298.0;0;31;72;19966.8;8994;4.79;0.11;5028.57142857;15081.8125;102.926666667;0.0;4543.86363636;0.0
2245;48;347952;11758.94;10261.86;1497.08;45701.5;7249.0;1;30;29;57546.3;8843;3.6;0.113;26809.3225806;0.0;219.473684211;0.0;11279.7355932;0.0
7857;12;68112;21102.36;8109.76;12992.61;49106.79;5676.0;1;17;35;39416.1;8867;1.21;0.13;250.0;41284.8333333;212.888235294;2988.95121951;7541.49666667;0.0
2419;12;95808;17236.52;14006.01;3230.51;51716.61;7984.0;0;54;43;72500.4;9425;2.5;0.125;27998.1111111;0.0;226.346153846;0.0;13774.9130435;0.0
7819;48;20832;4330.66;2066.15;2264.51;23025.07;434.0;0;46;38;17887.1;8965;8.23;0.104;6757.34482759;0.0;91.8277777778;1425.75;2030.85384615;0.0
3678;60;316140;4569.18;3322.9;1246.28;18523.96;5269.0;0;26;1;12826.4;12541;0.43;0.167;7205.94736842;0.0;76.7590909091;0.0;3325.35189873;0.0
6472;12;43164;18959.56;11594.04;7365.52;66901.52;3597.0;1;19;61;31349.9;8814;5.74;0.107;850.0;41657.5;298.325;0.0;10380.42;0.0
4413;48;221280;16880.98;10832.71;6048.28;32937.69;4610.0;0;26;74;31314.7;10673;5.44;0.1;1100.0;36239.6666667;152.466666667;7802.0;8998.23529412;0.0
9750;48;151728;7346.89;8295.8;-948.9;29950.44;3161.0;0;18;74;26488.7;10673;5.44;0.1;17695.5;0.0;125.907142857;0.0;5413.58095238;0.0
6353;60;79920;11951.17;7262.75;4688.43;38501.46;1332.0;0;41;26;31271.6;10787;3.09;0.131;25283.7666667;0.0;177.221428571;3285.0;6190.56521739;0.0
817;60;538500;11655.07;6986.68;4668.39;26580.94;8975.0;0;34;5;23271.0;9307;4.43;0.118;21404.6666667;0.0;127.76;4605.0;6987.15862069;0.0
4414;24;97224;5443.27;3420.29;2022.98;18409.35;4051.0;1;43;17;19479.6;8114;2.62;0.119;8803.96153846;0.0;86.05;3612.5;2656.25454545;0.0
6030;24;28248;10277.87;7046.81;3231.06;37643.33;1177.0;1;25;47;33729.1;9538;1.81;0.111;19746.075;0.0;177.338888889;0.0;6506.86428571;0.0
11021;24;168984;11071.98;9627.8;1444.18;56955.99;7041.0;0;18;1;24304.3;12541;0.43;0.167;25369.4722222;0.0;195.844736842;0.0;10597.0230769;0.0
8564;24;76680;12684.86;9290.0;3394.86;64558.21;3195.0;0;46;68;27191.2;9893;4.72;0.096;800.0;41754.5882353;247.332352941;6326.5;7798.03214286;0.0
9869;60;331560;11685.3;6438.71;5246.59;36182.64;5526.0;0;14;2;47992.1;8507;1.85;0.132;20771.4545455;0.0;147.466666667;4192.5;5769.49803922;0.0
5700;60;103680;5205.72;2751.86;2453.86;25989.2;1728.0;0;23;42;30227.6;8388;2.94;0.087;9012.9;0.0;112.852631579;0.0;3034.44615385;0.0
1247;48;99696;11488.04;7027.78;4460.25;39390.52;2077.0;1;23;65;32966.8;8403;5.72;0.105;20853.6129032;0.0;194.828571429;0.0;8723.19272727;0.0
8316;24;134784;7373.97;7193.98;179.98;42341.76;5616.0;1;54;70;16218.7;10177;7.75;0.081;20136.6923077;0.0;170.429411765;0.0;9451.63478261;0.0
3064;12;15420;4717.84;2331.22;2386.62;25120.81;1285.0;1;29;1;31867.2;12541;0.43;0.167;7843.625;0.0;103.457142857;3084.5;1819.190625;0.0
7607;24;31728;8154.91;3702.9;4452.01;34346.86;1322.0;0;44;1;32802.7;12541;0.43;0.167;13761.8478261;0.0;139.155555556;6020.0;3257.16774194;0.0
2228;48;185952;8209.59;6861.92;1347.66;39851.85;3874.0;0;50;34;82385.2;9675;7.68;0.1;24787.6;0.0;213.41;4625.0;12538.4615385;0.0
2361;36;156672;3552.0;2423.09;1128.9;22856.07;4352.0;1;38;28;23286.1;8594;2.01;0.112;5611.66666667;0.0;92.8384615385;4613.0;2523.71333333;0.0
3752;12;18564;7766.57;6840.0;926.57;28607.0;1547.0;1;32;1;43265.7;12541;0.43;0.167;15402.1;0.0;113.8;0.0;8550.0;0.0
4079;48;158976;10535.09;5502.05;5033.04;46815.67;3312.0;0;56;52;18894.0;8363;3.49;0.108;18747.5555556;0.0;203.6875;1849.33333333;8290.6490566;0.0
8625;24;47304;16134.99;13011.99;3122.99;71109.95;1971.0;0;23;64;62458.3;9624;2.31;0.145;28136.1666667;0.0;219.864705882;8151.0;12987.2318841;0.0
9591;24;104712;13075.2;8291.91;4783.29;47155.82;4363.0;0;50;74;25947.2;10673;5.44;0.1;23009.34;0.0;206.977272727;4146.0;10754.582716;0.0
9828;24;126600;17240.66;10603.74;6636.92;37042.15;5275.0;0;56;47;48720.6;9538;1.81;0.111;400.0;34400.0;177.436363636;0.0;8519.76756757;0.0
1993;12;68400;3967.88;6466.67;-2498.79;26137.1;5700.0;1;18;68;23946.1;9893;4.72;0.096;15519.0;0.0;134.04;0.0;7760.0;0.0
5628;60;225420;7137.48;4669.99;2467.49;26813.3;3757.0;1;46;61;32403.4;8814;5.74;0.107;11860.6923077;0.0;116.388888889;0.0;4235.62068966;0.0
1762;36;248148;9284.64;4454.92;4829.72;37881.52;6893.0;1;54;28;41108.6;8594;2.01;0.112;15692.5454545;0.0;168.013333333;2059.0;4774.012;0.0
347;24;187224;11535.65;7522.57;4013.08;43000.75;7801.0;0;47;1;50832.1;12541;0.43;0.167;23784.8095238;0.0;156.623529412;0.0;9036.885;0.0
9472;12;36396;12708.21;9274.88;3433.33;56224.91;3033.0;0;23;76;45480.6;8369;5.88;0.107;27769.0588235;0.0;242.213636364;5119.0;9786.2195122;0.0
960;60;189060;23467.74;11474.97;11992.77;74106.6;3151.0;1;36;4;68945.6;9753;5.05;0.109;200.0;42868.8571429;282.083333333;5940.0;17108.3333333;0.0
1256;36;71064;7980.82;4563.36;3417.47;28142.62;1974.0;1;48;38;31397.0;8965;8.23;0.104;13218.1176471;0.0;128.141666667;3314.0;3466.58461538;0.0
854;48;87216;5671.05;2359.19;3311.87;26692.5;1817.0;1;41;1;29638.3;12541;0.43;0.167;10464.0454545;0.0;120.015789474;1450.53191489;2291.98333333;0.0
3629;60;158760;7271.74;3932.3;3339.44;26392.57;2646.0;0;17;48;19182.3;9060;2.44;0.124;1708.33333333;16955.3181818;112.552380952;3668.0;2759.05818182;0.0
8377;60;417060;6436.59;6128.43;308.16;38547.6;6951.0;1;33;29;80978.7;8843;3.6;0.113;19478.1363636;0.0;188.321052632;3095.0;13054.336;0.0
7190;60;63360;4110.71;2203.87;1906.84;27199.01;1056.0;0;39;49;25635.0;8208;2.26;0.155;6885.44827586;0.0;122.75;5394.0;1670.25185185;0.0
8159;24;29784;7141.01;4540.0;2601.01;23741.86;1241.0;1;25;26;37920.3;10787;3.09;0.131;10053.8333333;0.0;99.0666666667;0.0;7566.66666667;0.0
9656;24;139536;15265.08;10433.85;4831.22;56729.94;5814.0;1;53;61;36472.9;8814;5.74;0.107;25136.0208333;0.0;220.431578947;10721.0;12197.8314286;0.0
8489;36;265320;6926.54;5067.26;1859.28;30094.99;7370.0;1;46;51;35289.8;8541;2.97;0.131;16972.4166667;0.0;122.5225;3835.0;4653.03880597;0.0
10630;24;198240;7622.04;5733.58;1888.46;25037.32;8260.0;0;39;41;35344.2;9832;4.48;0.114;11090.7142857;0.0;103.05;7303.0;8850.0;0.0
10440;60;60000;3821.68;1851.21;1970.48;21449.86;1000.0;0;48;45;16893.2;8390;2.89;0.132;6752.51851852;0.0;96.119047619;2455.0;1527.05818182;0.0
4774;48;465072;12214.34;7291.84;4922.51;23346.6;9689.0;0;47;66;37152.4;8512;4.12;0.102;21839.0;0.0;106.076470588;0.0;6511.84307692;0.0
5650;24;98592;10992.31;8162.02;2830.29;58938.51;4108.0;1;31;10;62671.9;10124;0.54;0.141;900.0;26704.1666667;217.816666667;10530.0;8863.63636364;0.0
5632;60;285600;8260.82;7136.52;1124.3;40785.33;4760.0;1;14;5;28194.4;9307;4.43;0.118;15763.7647059;0.0;171.471428571;0.0;7887.77777778;0.0
3489;24;44088;7293.86;4718.29;2575.57;30912.1;1837.0;1;44;9;44368.6;8899;3.97;0.149;12702.25;0.0;149.828571429;3373.0;6131.98333333;0.0
4580;12;20220;9653.89;7599.06;2054.83;33999.67;1685.0;1;22;9;31317.9;8899;3.97;0.149;18703.6428571;0.0;172.777777778;8723.0;8195.11304348;0.0
4727;24;107640;19294.51;13508.47;5786.04;38623.64;4485.0;1;35;2;65325.4;8507;1.85;0.132;600.0;38720.5;171.62;2720.5;18112.7333333;0.0
4825;12;21396;5919.61;3415.8;2503.81;29866.39;1783.0;0;26;15;24782.0;9045;3.6;0.124;3040.0;11768.8;128.007142857;0.0;2988.05263158;0.0
8776;48;33984;5301.16;4445.13;856.03;33892.76;708.0;0;23;64;44465.4;9624;2.31;0.145;12880.8571429;0.0;128.904545455;0.0;4079.47647059;0.0
1375;24;45336;11027.91;6476.57;4551.33;38173.66;1889.0;0;38;19;40939.5;8402;3.98;0.12;19943.9444444;0.0;177.953333333;5930.0;5570.23555556;0.0
8492;60;85860;3773.52;3102.29;671.23;29152.06;1431.0;1;39;2;39366.8;8507;1.85;0.132;9417.36842105;0.0;102.5;4403.0;2570.15;0.0
9493;48;188688;9613.71;7868.93;1744.77;40300.72;3931.0;1;30;64;23579.7;9624;2.31;0.145;350.0;25943.6;196.68;6803.0;10752.4333333;0.0
915;48;309552;20572.29;15860.49;4711.8;42731.49;6449.0;0;60;72;51799.4;8994;4.79;0.11;700.0;41112.375;186.9;14291.0;14796.2533333;0.0
9897;12;36168;10313.89;4971.13;5342.77;38994.11;3014.0;0;34;1;29138.1;12541;0.43;0.167;1350.0;19372.5714286;171.7;4611.25;5852.43333333;0.0
10942;60;314520;15918.7;12694.4;3224.3;59445.31;5242.0;1;39;44;50517.0;8254;3.76;0.097;25183.35;0.0;240.81875;10472.0;13418.1666667;0.0
7861;36;21852;7040.5;7511.9;-471.4;32315.01;607.0;0;40;34;42899.4;9675;7.68;0.1;14842.9285714;0.0;127.88;26.0;12322.92;0.0
8405;60;266220;8305.89;5884.73;2421.16;28863.08;4437.0;1;30;20;38159.6;8547;3.64;0.12;19859.4285714;0.0;121.384375;2616.33333333;5398.75384615;0.0
10093;36;231696;21612.7;11102.63;10510.08;36899.06;6436.0;0;22;1;39874.7;12541;0.43;0.167;1266.66666667;42900.625;185.326666667;3409.65714286;8725.625;0.0
10663;36;260028;22366.81;8927.32;13439.49;50192.37;7223.0;0;18;11;69850.9;9622;0.59;0.154;4725.0;46293.8636364;236.49047619;6984.71428571;8719.26;0.0
11349;60;419880;19365.88;25227.0;-5861.13;43249.17;6998.0;1;49;1;24704.4;12541;0.43;0.167;250.0;46186.8;189.125;10886.0;32766.6666667;0.0
6738;12;37908;10016.78;6242.85;3773.93;35342.37;3159.0;1;19;62;46113.5;8544;1.86;0.109;1000.0;20217.6;160.121428571;0.0;5415.02325581;0.0
4423;36;73836;8880.41;14442.86;-5562.45;47241.5;2051.0;1;28;39;67453.1;10446;9.4;0.09;21260.1111111;0.0;222.42;0.0;25000.0;0.0
7546;12;41952;10678.23;4415.17;6263.06;37646.87;3496.0;0;22;43;24687.4;9425;2.5;0.125;1500.0;22473.1428571;175.628571429;1369.33333333;5491.15;0.0
2343;24;99336;5201.23;3229.79;1971.45;24175.52;4139.0;1;15;68;30838.7;9893;4.72;0.096;9097.28571429;0.0;110.78;4723.0;3150.34545455;0.0
6609;36;60156;16920.11;12466.27;4453.83;59380.41;1671.0;0;19;16;106112.8;8427;1.54;0.107;25217.1578947;0.0;207.757142857;2752.5;17550.4;0.0
2218;60;182040;22247.53;15797.57;6449.97;51744.94;3034.0;1;44;19;38747.5;8402;3.98;0.12;600.0;44457.8333333;245.8;0.0;14351.5818182;0.0
9627;48;244368;18137.47;14077.95;4059.52;66219.61;5091.0;0;25;65;86194.1;8403;5.72;0.105;27031.3877551;0.0;294.42;0.0;15901.3157895;0.0
9731;36;113796;10369.33;5171.36;5197.96;31109.27;3161.0;0;24;54;34054.0;9897;1.96;0.14;600.0;20544.3333333;146.554545455;3143.5;4462.96296296;0.0
789;48;73056;3348.5;1303.08;2045.42;24226.83;1522.0;0;24;39;21545.7;10446;9.4;0.09;5161.85714286;0.0;95.8555555556;1897.0;1811.83333333;0.0
4081;24;137904;6180.2;4120.0;2060.2;23085.96;5746.0;0;27;11;35159.7;9622;0.59;0.154;9252.0;0.0;82.6;0.0;6866.66666667;0.0
5774;24;31176;11557.22;6632.94;4924.28;50841.65;1299.0;0;27;1;50647.1;12541;0.43;0.167;18311.1428571;0.0;191.94;4278.0;7770.51111111;0.0
11042;36;217152;17388.32;12316.18;5072.14;36159.62;6032.0;0;21;72;42293.9;8994;4.79;0.11;400.0;38000.5;173.8;8436.0;9788.42962963;0.0
6924;48;194880;12938.97;7141.56;5797.41;30457.14;4060.0;0;15;74;31007.0;10673;5.44;0.1;300.0;26386.8333333;158.855555556;4585.0;5496.56842105;0.0
7765;12;27984;6158.66;6100.18;58.47;30370.85;2332.0;0;46;52;18380.5;8363;3.49;0.108;20241.2857143;0.0;176.025;8217.0;4486.96969697;0.0
2227;24;92976;10387.42;9106.74;1280.68;40820.44;3874.0;1;25;31;21531.8;8930;4.2;0.108;19524.3529412;0.0;193.05625;13386.0;9427.83783784;0.0
9583;24;104712;10356.56;9033.92;1322.64;42831.82;4363.0;1;25;31;30115.3;8930;4.2;0.108;19442.0;0.0;193.20625;13386.0;9365.67567568;0.0
7606;60;191880;14598.06;11236.64;3361.42;60507.04;3198.0;0;46;21;78521.0;9104;2.07;0.123;21711.0384615;0.0;191.322222222;5062.0;10843.8933333;0.0
5742;48;232560;13717.4;9222.74;4494.66;63022.68;4845.0;1;25;74;41243.5;10673;5.44;0.1;21742.3333333;0.0;268.32;0.0;12454.5454545;0.0
1011;60;204000;11261.44;6423.56;4837.89;31533.74;3400.0;0;51;45;45077.7;8390;2.89;0.132;1250.0;22103.1666667;143.0;7085.0;5096.62758621;0.0
8899;60;125340;8431.03;8720.73;-289.7;47703.99;2089.0;0;51;1;19007.0;12541;0.43;0.167;21364.3448276;0.0;180.05;3713.0;8667.14285714;0.0
7562;48;309600;21894.71;14425.81;7468.9;45068.44;6450.0;0;20;72;35488.1;8994;4.79;0.11;400.0;42219.3636364;220.8;0.0;12592.9032258;0.0
7815;24;189696;17711.72;6872.28;10839.44;65855.81;7904.0;0;50;19;88662.1;8402;3.98;0.12;26564.1428571;0.0;212.466666667;1358.7826087;12283.030303;0.0
4503;48;135360;15762.92;9843.2;5919.72;57389.15;2820.0;0;20;50;54883.5;8187;5.45;0.094;28603.8095238;0.0;241.854545455;0.0;12173.8216216;0.0
4907;48;98832;8200.58;2922.37;5278.21;34933.97;2059.0;1;25;42;27184.4;8388;2.94;0.087;14745.4444444;0.0;142.317391304;1811.14545455;3814.13055556;0.0
5126;48;20352;4023.12;2236.28;1786.84;31787.74;424.0;1;47;58;21281.5;8757;3.95;0.096;7389.23076923;0.0;134.955555556;4208.0;2616.80952381;0.0
2496;60;165120;3952.95;2512.44;1440.51;22458.15;2752.0;1;45;51;22745.4;8541;2.97;0.131;6326.93548387;0.0;96.8105263158;4982.0;1970.56862745;0.0
11138;24;89880;12006.79;10346.0;1660.79;57362.77;3745.0;0;32;70;39079.5;10177;7.75;0.081;26804.75;0.0;220.3;0.0;11028.75;0.0
4995;36;128988;8028.38;6563.23;1465.15;34499.65;3583.0;0;56;20;9680.2;8547;3.64;0.12;18370.9411765;0.0;144.638888889;0.0;5534.09318182;0.0
3804;12;63252;17246.42;7360.73;9885.7;44609.04;5271.0;1;46;7;49709.2;9920;2.87;0.13;1633.33333333;34373.9130435;222.313636364;2550.5;7780.03888889;0.0
5066;24;61656;11381.19;9457.14;1924.04;33731.33;2569.0;1;42;13;59695.5;8598;3.26;0.123;20903.3333333;0.0;158.5;0.0;22066.6666667;0.0
6400;24;72408;7941.44;14560.0;-6618.56;46348.82;3017.0;1;37;31;36363.9;8930;4.2;0.108;21684.8;0.0;184.975;0.0;18200.0;0.0
10884;36;113544;8160.16;5938.5;2221.65;29512.76;3154.0;0;53;65;13386.8;8403;5.72;0.105;1800.0;20644.3636364;136.736363636;2867.0;5569.04137931;0.0
8092;60;56100;4973.12;2895.01;2078.11;17858.66;935.0;0;37;54;15407.2;9897;1.96;0.14;8614.75;0.0;82.675;6216.0;2176.67096774;0.0
5735;60;290700;14567.61;10799.65;3767.96;53056.93;4845.0;1;36;52;11574.8;8363;3.49;0.108;24708.137931;0.0;229.230769231;0.0;12742.0211538;0.0
3112;48;123216;13313.85;7539.9;5773.95;64022.68;2567.0;1;18;38;77580.8;8965;8.23;0.104;27045.6666667;0.0;230.494444444;1526.0;12162.2105263;0.0
2912;60;380160;15611.19;11770.09;3841.1;45094.88;6336.0;0;46;74;24549.6;10673;5.44;0.1;27321.25;0.0;259.366666667;0.0;14154.9965517;0.0
4852;36;213300;4271.38;2182.13;2089.25;25899.77;5925.0;0;31;47;27341.3;9538;1.81;0.111;7205.88235294;0.0;120.43;4794.0;2681.76296296;0.0
8327;48;247728;12275.07;11409.94;865.13;63474.89;5161.0;0;16;1;52551.7;12541;0.43;0.167;29683.9090909;0.0;212.9;3321.5;12510.0;0.0
1772;36;202788;25988.88;13491.36;12497.52;45057.48;5633.0;1;42;31;81623.6;8930;4.2;0.108;1100.0;51906.5384615;208.725;11994.0;10686.8571429;0.0
10728;48;154656;10037.89;5427.65;4610.24;29123.96;3222.0;0;39;71;37180.5;8678;5.57;0.102;1200.0;20617.6666667;130.264285714;3867.0;4849.90697674;0.0
9017;48;100224;4775.78;5740.0;-964.22;23077.86;2088.0;1;39;70;31387.1;10177;7.75;0.081;1550.0;14094.0;67.9;0.0;9566.66666667;0.0
5574;12;44628;25266.92;11823.18;13443.75;41552.68;3719.0;0;52;13;80439.7;8598;3.26;0.123;1200.0;51117.8571429;186.24;11878.0;8945.06666667;0.0
808;48;215616;5823.65;4978.13;845.52;17960.7;4492.0;0;39;69;8640.6;8173;7.01;0.124;13625.8333333;0.0;92.0722222222;0.0;5049.24516129;0.0
2456;48;200976;14032.63;8543.47;5489.16;55519.8;4187.0;0;41;65;47431.4;8403;5.72;0.105;850.0;26694.25;219.614285714;9554.0;9438.84285714;0.0
3037;36;277884;8970.25;6984.48;1985.77;33607.74;7719.0;1;15;44;11614.0;8254;3.76;0.097;24212.1538462;0.0;171.45;0.0;8764.55714286;0.0
1967;48;249312;9070.81;9128.12;-57.31;36267.05;5194.0;0;40;26;55426.5;10787;3.09;0.131;19145.0588235;0.0;163.438461538;14164.0;7799.16666667;0.0
5213;48;320976;18370.67;17568.45;802.22;36301.78;6687.0;0;59;1;46462.2;12541;0.43;0.167;1000.0;49633.625;179.364285714;0.0;12718.4916667;0.0
7418;12;30276;4429.45;5719.42;-1289.97;32537.85;2523.0;1;57;21;24930.3;9104;2.07;0.123;3044.44444444;16303.4615385;122.511111111;0.0;5953.65;0.0
2352;60;49440;10660.14;4798.38;5861.76;38061.12;824.0;1;29;70;45021.6;10177;7.75;0.081;19131.2941176;0.0;171.478571429;1931.40625;4698.0;0.0
19;12;30276;5444.83;6072.41;-627.58;25540.31;2523.0;1;57;21;15854.0;9104;2.07;0.123;3044.44444444;16303.4615385;118.091666667;0.0;6188.025;0.0
67;24;165960;21419.52;12217.03;9202.49;39662.33;6915.0;1;51;16;23703.8;8427;1.54;0.107;700.0;44947.5;193.711111111;3419.0;11692.9357143;0.0
5794;60;123600;8352.49;6600.23;1752.26;36850.3;2060.0;0;28;70;15505.6;10177;7.75;0.081;22987.6;0.0;134.88;0.0;6322.3037037;0.0
8411;60;220620;7797.9;5391.49;2406.41;39131.21;3677.0;1;52;20;26428.9;8547;3.64;0.12;1633.33333333;24010.8235294;156.352941176;4659.5;5640.60816327;0.0
4462;24;66480;9509.77;10120.0;-610.23;24559.2;2770.0;0;60;73;34891.2;8746;3.74;0.09;21282.75;0.0;120.066666667;0.0;16866.6666667;0.0
7614;48;320592;21427.02;11673.92;9753.1;52640.12;6679.0;1;25;62;69148.6;8544;1.86;0.109;500.0;42743.4666667;245.764285714;0.0;9844.70833333;2800.0
3608;36;161496;6952.99;5089.22;1863.77;27987.07;4486.0;0;24;72;29371.5;8994;4.79;0.11;14285.0;0.0;122.675;3124.0;5661.96428571;0.0
940;60;284280;20542.08;12860.77;7681.32;60224.05;4738.0;1;37;37;94617.3;9065;5.39;0.123;300.0;40990.1666667;255.247058824;0.0;11284.9962963;0.0
8547;36;173016;13347.21;10304.26;3042.95;53504.87;4806.0;1;51;14;88331.6;10045;1.71;0.135;23305.7241379;0.0;207.327777778;0.0;13224.7619048;0.0
5422;60;368880;17305.64;8445.54;8860.1;59162.92;6148.0;0;21;66;105727.0;8512;4.12;0.102;28988.5;0.0;226.745;1529.0;12019.5391304;0.0
9645;36;176148;14229.27;17520.0;-3290.73;35249.7;4893.0;1;32;38;53592.6;8965;8.23;0.104;1100.0;34881.0;142.175;0.0;21900.0;0.0
9006;48;186384;12602.88;10623.04;1979.84;54327.51;3883.0;0;37;40;21033.8;9317;7.07;0.097;28416.225;0.0;222.80952381;4541.0;10798.7341772;0.0
2572;48;360000;19628.39;15637.67;3990.72;44422.18;7500.0;1;23;64;64765.2;9624;2.31;0.145;6450.0;53957.7368421;203.030555556;0.0;12175.1055556;0.0
1766;60;30060;11177.06;3370.9;7806.16;40207.72;501.0;0;44;28;48523.3;8594;2.01;0.112;19687.1666667;0.0;174.038095238;1708.75;4521.97230769;2187.5
2322;24;46320;12720.48;5652.43;7068.05;40802.78;1930.0;0;17;33;26652.7;8705;7.61;0.116;23440.0;0.0;168.029411765;1670.0;9025.93015873;0.0
1698;36;141948;8654.97;5300.0;3354.97;25584.85;3943.0;1;45;68;47239.7;9893;4.72;0.096;17023.5;0.0;115.266666667;0.0;7066.66666667;0.0
10001;36;19044;8705.65;5301.89;3403.76;35814.81;529.0;1;22;24;50167.6;8991;2.01;0.128;15668.875;0.0;161.307692308;0.0;5065.785;0.0
8680;36;85716;6202.35;8366.67;-2164.32;26158.88;2381.0;0;58;17;36516.9;8114;2.62;0.119;3700.0;15715.6;92.375;0.0;12550.0;0.0
8127;24;155880;13622.65;8665.13;4957.52;54522.16;6495.0;1;27;37;44564.6;9065;5.39;0.123;26873.2424242;0.0;239.188888889;8305.0;9579.60597015;0.0
5541;48;32640;3976.51;2052.28;1924.23;25009.9;680.0;0;53;43;18800.0;9425;2.5;0.125;6504.20833333;0.0;109.446666667;1881.0;2120.8826087;0.0
2268;36;20196;12909.77;7215.74;5694.04;47381.89;561.0;0;25;1;65684.6;12541;0.43;0.167;24313.9444444;0.0;203.425;5742.0;6134.1877551;0.0
3679;48;444864;8627.9;5485.72;3142.18;31698.15;9268.0;0;32;64;41743.9;9624;2.31;0.145;13258.4117647;0.0;134.07;4508.5;5235.504;0.0
5033;12;11400;3942.78;1475.45;2467.33;25983.04;950.0;1;16;54;27820.2;9897;1.96;0.14;5912.66666667;0.0;109.145454545;1626.34782609;1696.088;0.0
6985;36;96768;13669.44;11220.64;2448.8;44663.75;2688.0;1;28;38;37396.4;8965;8.23;0.104;26675.4705882;0.0;206.790909091;13167.0;10827.662069;0.0
9790;48;133968;18668.17;6040.95;12627.21;49590.62;2791.0;0;53;52;34729.5;8363;3.49;0.108;27247.0;0.0;160.6;4230.33333333;7729.71111111;0.0
846;24;187104;14777.52;15116.7;-339.19;74128.52;7796.0;1;19;72;133377.7;8994;4.79;0.11;23985.9166667;0.0;219.0;0.0;22425.4666667;0.0
1886;36;162468;16823.25;11530.0;5293.25;61076.86;4513.0;1;38;32;74638.8;9272;3.22;0.118;700.0;29783.6;205.2;0.0;15160.0;0.0
2580;60;89340;6194.58;3169.62;3024.96;38854.18;1489.0;1;24;60;41522.6;8441;4.48;0.115;11083.6363636;0.0;157.288888889;5016.0;2985.94736842;0.0
9928;60;89340;6194.85;3122.47;3072.38;39391.58;1489.0;1;24;60;42227.6;8441;4.48;0.115;11083.6363636;0.0;157.833333333;5016.0;2949.10526316;0.0
4994;36;258444;6129.34;6071.43;57.91;37356.67;7179.0;0;30;1;53892.1;12541;0.43;0.167;13616.0;0.0;216.02;0.0;10625.0;0.0
7184;24;155640;11604.5;5565.08;6039.41;32953.46;6485.0;1;53;5;40494.6;9307;4.43;0.118;23026.6428571;0.0;157.923076923;1570.0;5414.55714286;0.0
6358;48;270384;18055.66;11139.46;6916.21;37758.37;5633.0;0;34;3;57835.1;8980;2.21;0.111;2800.0;37176.8;172.721428571;13076.0;8071.15;0.0
11359;12;54024;14626.64;8093.62;6533.02;38374.18;4502.0;0;28;61;25697.2;8814;5.74;0.107;1000.0;29469.8181818;163.472727273;2386.0;8107.12;3750.0
5593;12;44376;16193.73;13789.9;2403.83;37207.16;3698.0;0;34;15;68241.5;9045;3.6;0.124;25548.5384615;0.0;194.26;6049.0;13870.3166667;0.0
6289;48;85632;14407.88;11976.96;2430.92;56676.98;1784.0;1;47;64;99938.7;9624;2.31;0.145;30141.8695652;0.0;271.926666667;0.0;12868.3913043;0.0
11054;60;148920;8817.89;5104.03;3713.86;31696.63;2482.0;0;19;59;15278.6;8444;3.47;0.106;5500.0;15955.7142857;141.1;11506.0;5132.72727273;0.0
544;24;91152;12425.07;7960.44;4464.63;39466.35;3798.0;0;53;32;39378.8;9272;3.22;0.118;2550.0;25068.0;179.121428571;0.0;7396.33333333;1800.0
4851;24;141648;8222.4;7692.86;529.54;38250.87;5902.0;0;44;52;88710.1;8363;3.49;0.108;21319.625;0.0;150.64;0.0;16520.0;0.0
1583;48;388512;8353.09;5741.33;2611.76;20786.91;8094.0;1;27;69;38697.3;8173;7.01;0.124;13846.8181818;0.0;74.7142857143;0.0;6083.41034483;0.0
4650;60;402000;2989.61;1955.91;1033.7;18869.19;6700.0;0;16;4;17232.1;9753;5.05;0.109;4480.2;0.0;91.0;1794.36363636;3818.07142857;0.0
3084;36;253512;9872.88;8868.75;1004.13;26944.19;7042.0;1;51;59;13318.4;8444;3.47;0.106;21361.0;0.0;128.416666667;0.0;9143.07692308;0.0
2143;36;71460;10706.75;8184.15;2522.6;45387.56;1985.0;1;16;1;49648.9;12541;0.43;0.167;20038.3333333;0.0;219.957142857;7264.0;9203.65;0.0
9199;12;29448;9508.31;4720.0;4788.31;24905.0;2454.0;0;48;72;43790.6;8994;4.79;0.11;800.0;16567.75;79.9;0.0;11800.0;0.0
2994;36;48744;11242.78;6130.0;5112.78;48007.82;1354.0;1;32;77;62891.3;8909;5.56;0.113;15782.7857143;0.0;177.95;0.0;16100.0;0.0
6397;60;181020;9757.24;6100.98;3656.26;29208.82;3017.0;1;30;48;45526.0;9060;2.44;0.124;2150.0;19608.3333333;131.929411765;0.0;5527.25098039;0.0
10762;36;68832;9949.63;6563.28;3386.35;34092.65;1912.0;0;37;1;51540.7;12541;0.43;0.167;16551.7142857;0.0;151.44;5435.0;6482.06956522;0.0
7136;36;74124;9529.43;5255.21;4274.22;46843.53;2059.0;1;57;12;25658.0;8754;4.31;0.137;23338.5833333;0.0;209.62;1287.33333333;9902.6;0.0
8533;48;174048;11485.68;11694.3;-208.62;56111.88;3626.0;1;44;47;54140.4;9538;1.81;0.111;22213.7272727;0.0;264.13125;0.0;14154.4387097;0.0
7926;24;84120;15313.69;12410.83;2902.85;67892.38;3505.0;1;46;69;45528.9;8173;7.01;0.124;19073.4444444;0.0;207.3;0.0;15475.7142857;0.0
10019;36;194940;11823.41;8716.22;3107.19;41565.35;5415.0;0;31;8;34212.3;11277;1.44;0.127;25697.8695652;0.0;164.246666667;0.0;10303.3692308;0.0
4476;24;15192;7619.31;3481.39;4137.92;25941.69;633.0;1;23;24;17351.9;8991;2.01;0.128;13561.8461538;0.0;118.676190476;2403.33333333;3058.35588235;0.0
9814;12;96168;6192.35;8466.96;-2274.61;44350.18;8014.0;1;24;64;3609.3;9624;2.31;0.145;22441.1481481;0.0;172.205263158;0.0;8958.98305085;0.0
2236;36;139464;5296.15;7514.29;-2218.14;26804.3;3874.0;0;38;73;41662.8;8746;3.74;0.09;20759.1428571;0.0;129.1;0.0;8766.66666667;0.0
10436;36;54396;4101.1;2257.84;1843.27;25558.86;1511.0;0;57;60;36208.8;8441;4.48;0.115;6880.44444444;0.0;99.88;0.0;2912.73333333;0.0
11186;60;392460;20335.32;11635.11;8700.21;44854.12;6541.0;1;15;12;53259.7;8754;4.31;0.137;550.0;42814.8181818;213.5;9810.0;8560.89714286;0.0
2106;12;101520;6286.65;3636.58;2650.07;23809.89;8460.0;1;19;1;16720.8;12541;0.43;0.167;10950.7;0.0;110.525;3468.0;4987.4;0.0
3230;36;77184;9901.44;9719.91;181.52;44671.28;2144.0;1;41;1;22446.0;12541;0.43;0.167;28393.45;0.0;247.65;0.0;13385.4205128;0.0
9024;48;70656;4664.09;4568.92;95.17;34385.06;1472.0;0;44;1;22476.1;12541;0.43;0.167;13321.9090909;0.0;121.555555556;6270.0;5058.65;0.0
4585;48;64656;6800.06;3180.0;3620.06;25590.04;1347.0;0;49;27;44749.0;8561;1.29;0.11;10056.0;0.0;104.3;0.0;5300.0;0.0
1862;60;396120;21494.09;13788.07;7706.02;50908.81;6602.0;1;46;19;88610.1;8402;3.98;0.12;500.0;42910.8333333;221.782352941;0.0;11488.490566;0.0
8039;24;93600;9328.35;9268.7;59.65;44027.11;3900.0;0;24;9;26235.8;8899;3.97;0.149;20652.0909091;0.0;199.63;1638.33333333;9387.28421053;0.0
6688;36;22968;4325.01;720.0;3605.01;22777.22;638.0;1;46;16;38831.0;8427;1.54;0.107;6031.42857143;0.0;70.3333333333;0.0;3600.0;0.0
501;60;262980;7660.38;4895.78;2764.59;40424.82;4383.0;1;30;13;76081.3;8598;3.26;0.123;18527.5384615;0.0;169.945454545;0.0;5207.6875;0.0
7795;60;372120;16531.71;11255.12;5276.59;62650.77;6202.0;0;51;64;46580.5;9624;2.31;0.145;26472.72;0.0;253.076190476;0.0;12748.2637363;0.0
9422;12;86184;24823.09;14369.63;10453.47;68099.36;7182.0;1;55;70;43157.5;10177;7.75;0.081;300.0;45788.375;281.071428571;1621.5;14683.9875;0.0
2062;12;86184;24823.3;14434.21;10389.09;67125.79;7182.0;1;55;70;39660.8;10177;7.75;0.081;300.0;45788.375;281.542857143;1621.5;14902.7375;0.0
4447;36;192744;15004.25;12982.81;2021.43;55094.7;5354.0;0;32;62;27799.1;8544;1.86;0.109;23749.6666667;0.0;202.075;0.0;13635.7666667;0.0
3754;24;68544;14131.44;10415.45;3715.99;34277.8;2856.0;0;20;37;23729.8;9065;5.39;0.123;900.0;31408.625;162.1125;1594.4;8312.94117647;0.0
132;12;88440;14826.76;12756.93;2069.83;67475.25;7370.0;1;51;40;79007.6;9317;7.07;0.097;26812.5;0.0;252.633333333;0.0;12528.5714286;0.0
5001;24;110112;18304.26;12886.38;5417.88;71778.7;4588.0;0;33;53;135658.1;8240;3.56;0.099;28050.4074074;0.0;269.15;9292.0;15257.2057143;0.0
6434;24;110136;9013.48;6710.83;2302.65;43769.13;4589.0;1;38;1;40746.5;12541;0.43;0.167;22663.7647059;0.0;199.683333333;4891.0;11342.4142857;0.0
5263;60;276300;3336.53;2174.25;1162.28;24864.14;4605.0;0;20;64;27578.1;9624;2.31;0.145;5166.7;0.0;107.186666667;3950.0;2377.23888889;0.0
4948;60;359760;6870.64;3630.41;3240.22;24769.51;5996.0;0;17;43;39959.4;9425;2.5;0.125;12528.9411765;0.0;120.4875;4710.0;7275.46666667;0.0
3115;60;321180;16563.32;14268.73;2294.59;32124.09;5353.0;0;60;14;37183.5;10045;1.71;0.135;1300.0;34127.5;155.328571429;14723.0;10903.1285714;0.0
9548;48;46176;8771.33;6595.17;2176.16;27787.05;962.0;0;30;62;38725.1;8544;1.86;0.109;13092.1428571;0.0;148.275;9613.0;8780.0;0.0
10297;48;421008;10644.61;7739.46;2905.15;30848.29;8771.0;0;43;14;31168.0;10045;1.71;0.135;17491.0;0.0;138.9;9902.0;6275.13636364;0.0
7859;12;72120;19514.24;11280.12;8234.11;76941.88;6010.0;1;44;52;98631.7;8363;3.49;0.108;1000.0;38765.65;327.573684211;0.0;10493.4310345;0.0
9510;36;228276;8391.38;4506.37;3885.02;45207.47;6341.0;0;35;1;53707.9;12541;0.43;0.167;12235.375;0.0;167.92;0.0;6430.65714286;0.0
1250;48;182640;10950.07;9602.38;1347.69;27918.46;3805.0;1;54;62;23898.3;8544;1.86;0.109;750.0;24257.875;134.028571429;5779.85714286;8258.9875;0.0
2153;12;61560;17099.71;8592.94;8506.77;36108.81;5130.0;0;53;31;20051.1;8930;4.2;0.108;200.0;32176.0;163.82;4880.9;7311.2;0.0
4981;48;179328;12034.57;7969.99;4064.58;33755.97;3736.0;0;23;54;36074.7;9897;1.96;0.14;20743.5833333;0.0;160.533333333;4930.0;7388.52;0.0
3021;48;155616;7918.26;8668.15;-749.9;30763.94;3242.0;1;37;10;24447.1;10124;0.54;0.141;1300.0;20840.2857143;144.114285714;0.0;8931.7;0.0
10520;60;417600;3907.38;7293.33;-3385.95;40581.94;6960.0;0;26;55;58638.6;8743;2.43;0.111;20460.625;0.0;334.923076923;0.0;10977.7777778;2650.0
10411;24;123408;4357.17;6892.02;-2534.85;33104.26;5142.0;0;32;39;8357.1;10446;9.4;0.09;14590.6923077;0.0;222.516666667;3720.5;5918.75;0.0
9030;48;155616;6867.59;4511.15;2356.43;37494.63;3242.0;1;25;72;60694.1;8994;4.79;0.11;17115.3846154;0.0;145.472727273;1709.0;4987.61818182;0.0
3189;60;222180;10811.86;9751.69;1060.17;49770.69;3703.0;0;57;29;59578.8;8843;3.6;0.113;23313.4375;0.0;223.05;0.0;10109.5866667;0.0
8972;48;45024;9823.82;9132.85;690.96;31270.61;938.0;1;39;70;38384.3;10177;7.75;0.081;21191.0;0.0;114.216666667;3387.5;8629.93846154;0.0
10963;36;115812;12893.66;10187.29;2706.37;50013.38;3217.0;0;43;16;41878.1;8427;1.54;0.107;26262.15625;0.0;206.068421053;0.0;10667.3969697;0.0
11362;24;129408;9146.31;4210.93;4935.38;23505.79;5392.0;1;34;67;24199.5;8110;6.55;0.109;15880.4375;0.0;111.846153846;1323.75;4694.51052632;0.0
